source_index,source_sequence,sequence,mask_strategy,mode,edited_sites,edited_site_count,hamming_distance,percent_identity_to_source,sol,source_sol,delta_sol,therm,source_therm,delta_therm,input_score
0,KIFSKCELARKLKSMGMDGFHGYSLANWVCMAEYESNFNTQAFNGRNSNGSSDYGIFQLNSKWWCKSNSHSSANACNIMCSKFLDDNIDDDIACAKRVVKDPNGMSAWVAWVKHCKGKDLSKYLASCNL,MLLYRTTMVLNFIKIYRNKYLNIRKGSLRLLRHSSTQLLPSKKSVNKPDKTNNFQMWHIRARYYWIGGFEEVILQSKLDQGGLINLDLTASVKSGVKKPTLRKLITSSQSRRVKRGNISSREWEEGKPR,random,no_steering,"[0, 1, 2, 3, 4, 5, 6, 7, 8, 9, 10, 11, 12, 13, 14, 15, 16, 17, 18, 19, 20, 21, 22, 23, 24, 25, 26, 27, 28, 29, 30, 31, 32, 33, 34, 35, 36, 37, 38, 39, 40, 41, 42, 43, 44, 45, 46, 47, 48, 49, 50, 51, 52, 53, 54, 55, 56, 57, 58, 59, 60, 61, 62, 63, 64, 65, 66, 67, 68, 69, 70, 71, 72, 73, 74, 75, 76, 77, 78, 79, 80, 81, 82, 83, 84, 85, 86, 87, 88, 89, 90, 91, 92, 93, 94, 95, 96, 97, 98, 99, 100, 101, 102, 103, 104, 105, 106, 107, 108, 109, 110, 111, 112, 113, 114, 115, 116, 117, 118, 119, 120, 121, 122, 123, 124, 125, 126, 127, 128]",129,129,0.0,0.3314291,0.99731416,-0.6658851,51.521317,51.7802,-0.25888443,51.7802
1,MKIPVFLLLLALANAKVFQRCEWARVLKARGMDGYRGISLADWVCLSKWESQYNTNAINHNTDGSTDYGIFQINSRWWCNDDRIPTRNACNIKCSALQTDDVTVAINCAKRVVSDPQGIRAWVAWNRHCQNRDLSAYIAGCGL,LVFLFVTSFSSAPASEPLLPFFLVNIQGPETTSTKNSVPARHRISAASAFADLDLSKRLKYGFCRSNFSLLDLVDDPFDGGVKVAFKPQFQCAPDGKVESSIGMQVEEPVEIALKAPDPVGCDSYLLAFRGVAVTQAETRIKI,random,no_steering,"[0, 1, 2, 3, 4, 5, 6, 7, 8, 9, 10, 11, 12, 13, 14, 15, 16, 17, 18, 19, 20, 21, 22, 23, 24, 25, 26, 27, 28, 29, 30, 31, 32, 33, 34, 35, 36, 37, 38, 39, 40, 41, 42, 43, 44, 45, 46, 47, 48, 49, 50, 51, 52, 53, 54, 55, 56, 57, 58, 59, 60, 61, 62, 63, 64, 65, 66, 67, 68, 69, 70, 71, 72, 73, 74, 75, 76, 77, 78, 79, 80, 81, 82, 83, 84, 85, 86, 87, 88, 89, 90, 91, 92, 93, 94, 95, 96, 97, 98, 99, 100, 101, 102, 103, 104, 105, 106, 107, 108, 109, 110, 111, 112, 113, 114, 115, 116, 117, 118, 119, 120, 121, 122, 123, 124, 125, 126, 127, 128, 129, 130, 131, 132, 133, 134, 135, 136, 137, 138, 139, 140, 141, 142]",143,143,0.0,0.59577703,0.9582125,-0.36243546,56.500977,53.197098,3.3038788,53.197098
2,GKIYEQCELAREFKRHGMDGYHGYSLGDWVCTAKHESNFNTAATNYNRGDQSTDYGILQINSRWWCNDGKTPKAKNACGIECSELLKADITAAVNCAKRIVRDPNGMGAWVAWTKYCKGKDVSQWIKGCKL,MTKFLRNQAYKLLLQYNLEDKQKVWFENESSIIEEVTSYHSFVKHPYPSNKDSNHSLFHVGDIYLYETKHKKHWLSPTQVAFVKFDSSAPSKSIKAVRKVLTEAQEINSRHWYRNHSQSGEIQDSLNEKDS,random,no_steering,"[0, 1, 2, 3, 4, 5, 6, 7, 8, 9, 10, 11, 12, 13, 14, 15, 16, 17, 18, 19, 20, 21, 22, 23, 24, 25, 26, 27, 28, 29, 30, 31, 32, 33, 34, 35, 36, 37, 38, 39, 40, 41, 42, 43, 44, 45, 46, 47, 48, 49, 50, 51, 52, 53, 54, 55, 56, 57, 58, 59, 60, 61, 62, 63, 64, 65, 66, 67, 68, 69, 70, 71, 72, 73, 74, 75, 76, 77, 78, 79, 80, 81, 82, 83, 84, 85, 86, 87, 88, 89, 90, 91, 92, 93, 94, 95, 96, 97, 98, 99, 100, 101, 102, 103, 104, 105, 106, 107, 108, 109, 110, 111, 112, 113, 114, 115, 116, 117, 118, 119, 120, 121, 122, 123, 124, 125, 126, 127, 128, 129, 130]",131,131,0.0,0.3981813,0.9711547,-0.5729734,47.203003,54.03469,-6.831688,54.03469
3,GKVYGRCELAAAMKRMGLDNYRGYSLGNWVCAAKFESNFNTGATNRNTDGSTDYGILQINSRWWCNDGRTPGSKNLCHIPCSALLSSDITASVNCAKKIVSDGDGMNAWVAWRKHCKGTDVNVWIRGCRL,MRLFSKTKWHHEFVAAAFKGSSNTNHPLRILVEFYQTIPQIRIFVFDPQQASVVRAFAEAAKRERLNSSQAHACTHLTVSRATATQLALLDAFLLVNEFTKGTNTILSCLTQKRNHVTQNTVRYSSVTDI,random,no_steering,"[0, 1, 2, 3, 4, 5, 6, 7, 8, 9, 10, 11, 12, 13, 14, 15, 16, 17, 18, 19, 20, 21, 22, 23, 24, 25, 26, 27, 28, 29, 30, 31, 32, 33, 34, 35, 36, 37, 38, 39, 40, 41, 42, 43, 44, 45, 46, 47, 48, 49, 50, 51, 52, 53, 54, 55, 56, 57, 58, 59, 60, 61, 62, 63, 64, 65, 66, 67, 68, 69, 70, 71, 72, 73, 74, 75, 76, 77, 78, 79, 80, 81, 82, 83, 84, 85, 86, 87, 88, 89, 90, 91, 92, 93, 94, 95, 96, 97, 98, 99, 100, 101, 102, 103, 104, 105, 106, 107, 108, 109, 110, 111, 112, 113, 114, 115, 116, 117, 118, 119, 120, 121, 122, 123, 124, 125, 126, 127, 128, 129]",130,130,0.0,0.03016806,0.99137115,-0.9612031,52.973618,54.06608,-1.0924606,54.06608
4,MKALLVLGFLLLSASVQAKIYERCQFARTLKRNGMSGYYGVSLADWVCLAQHESNYNTQARNYNPGDQSTDYGIFQINSRYWCNDGKTPRAKNACGIPCSALLQDDITQAIQCAKRVVRDPQGIRAWVAWQRHCKNRDLSGYIRNCGV,IRLIILCASVVSLSALSQRTFGKWELLKQMVDLNDNDFNHALIQNCLFILFIITQERARTVQRRKDNRPSTNSLWKLHGHWFFDNDQKLNSVSRYSVSVVVFITVNLNGTVAVVMKIISSVKNWTNLTVYKKCYQELNIGQWCQIYNT,random,no_steering,"[0, 1, 2, 3, 4, 5, 6, 7, 8, 9, 10, 11, 12, 13, 14, 15, 16, 17, 18, 19, 20, 21, 22, 23, 24, 25, 26, 27, 28, 29, 30, 31, 32, 33, 34, 35, 36, 37, 38, 39, 40, 41, 42, 43, 44, 45, 46, 47, 48, 49, 50, 51, 52, 53, 54, 55, 56, 57, 58, 59, 60, 61, 62, 63, 64, 65, 66, 67, 68, 69, 70, 71, 72, 73, 74, 75, 76, 77, 78, 79, 80, 81, 82, 83, 84, 85, 86, 87, 88, 89, 90, 91, 92, 93, 94, 95, 96, 97, 98, 99, 100, 101, 102, 103, 104, 105, 106, 107, 108, 109, 110, 111, 112, 113, 114, 115, 116, 117, 118, 119, 120, 121, 122, 123, 124, 125, 126, 127, 128, 129, 130, 131, 132, 133, 134, 135, 136, 137, 138, 139, 140, 141, 142, 143, 144, 145, 146, 147]",148,148,0.0,0.03820616,0.4609249,-0.42271873,54.532448,56.333675,-1.8012276,56.333675
5,MRSLLILVLCFLPLAALGKVFGRCELAAAMKRHGLDNYRGYSLGNWVCAAKFESNFNTQATNRNTDGSTDYGILQINSRWWCNDGRTPGSRNLCNIPCSALLSSDITASVNCAKKIVSDGNGMNAWVAWRNRCKGTDVQAWIRGCRL,GKGIQYIAAGEYSKGVFSGFILKNAVPGICCQESMGRFQTFNIKEFLWLLLVSLGYLSFSKGTAALHTYNISVFKVAQHYCFRGRNGRVLNSKYFAVWTLFITHNGSGDLLGKLSVHTSLQELGYTNRYKVHKLHHKLRIYVIRIIV,random,no_steering,"[0, 1, 2, 3, 4, 5, 6, 7, 8, 9, 10, 11, 12, 13, 14, 15, 16, 17, 18, 19, 20, 21, 22, 23, 24, 25, 26, 27, 28, 29, 30, 31, 32, 33, 34, 35, 36, 37, 38, 39, 40, 41, 42, 43, 44, 45, 46, 47, 48, 49, 50, 51, 52, 53, 54, 55, 56, 57, 58, 59, 60, 61, 62, 63, 64, 65, 66, 67, 68, 69, 70, 71, 72, 73, 74, 75, 76, 77, 78, 79, 80, 81, 82, 83, 84, 85, 86, 87, 88, 89, 90, 91, 92, 93, 94, 95, 96, 97, 98, 99, 100, 101, 102, 103, 104, 105, 106, 107, 108, 109, 110, 111, 112, 113, 114, 115, 116, 117, 118, 119, 120, 121, 122, 123, 124, 125, 126, 127, 128, 129, 130, 131, 132, 133, 134, 135, 136, 137, 138, 139, 140, 141, 142, 143, 144, 145, 146]",147,147,0.0,0.07089539,0.93416613,-0.86327076,50.182816,56.60367,-6.4208527,56.60367
6,MKTLLVLALLLLSVSVQAKVYDRCEFARILKKSGMDGYRGVSLANWVCLAKWESDFNTKAINHNVGSTDYGIFQINSRYWCNDGKTPKAVNACHISCKVLLDDDLSQDIECAKRVVRDPLGVKAWVAWRAHCQNKDVSQYIRGCKL,LFCISTTIFKSAVHAIYGRTQLKRQAVKVILTAALENFDKPKVYQLIDIIIYQTNLDELVTYSTRSYIVHLLLELHVKWRYKNAQYAILDKGFKTNNSIFKTGLITSNLRRLIIMLDNRSRIQNRKFTEKRRIAGNIEDCFNSFVI,random,no_steering,"[0, 1, 2, 3, 4, 5, 6, 7, 8, 9, 10, 11, 12, 13, 14, 15, 16, 17, 18, 19, 20, 21, 22, 23, 24, 25, 26, 27, 28, 29, 30, 31, 32, 33, 34, 35, 36, 37, 38, 39, 40, 41, 42, 43, 44, 45, 46, 47, 48, 49, 50, 51, 52, 53, 54, 55, 56, 57, 58, 59, 60, 61, 62, 63, 64, 65, 66, 67, 68, 69, 70, 71, 72, 73, 74, 75, 76, 77, 78, 79, 80, 81, 82, 83, 84, 85, 86, 87, 88, 89, 90, 91, 92, 93, 94, 95, 96, 97, 98, 99, 100, 101, 102, 103, 104, 105, 106, 107, 108, 109, 110, 111, 112, 113, 114, 115, 116, 117, 118, 119, 120, 121, 122, 123, 124, 125, 126, 127, 128, 129, 130, 131, 132, 133, 134, 135, 136, 137, 138, 139, 140, 141, 142, 143, 144, 145]",146,146,0.0,0.08530332,0.9051699,-0.8198666,43.40332,57.150097,-13.746777,57.150097
7,MKALVILGFLFLSVAVQGKVFERCELARTLKKLGLDGYKGVSLANWLCLTKWESSYNTKATNYNPSSESTDYGIFQINSKWWCNDGKTPNAVDGCHVSCRELMENDIAKAVACAKHIVSEQGITAWVAWKSHCRDHDVSSYVEGCTL,SMSQPLAITFLVAPLFHNFYLLKYDWVKPKLVGKEINFYPTGPHEFVYDKENVTGFTPYLSSWGYKQKFKAFDFNHPYKRYTWRGSVSSLSYLPTAINQPDILPIYDTQGIKTGAIVTNVYDMAYKQGSLNEYKGRNPADLFSQNND,random,no_steering,"[0, 1, 2, 3, 4, 5, 6, 7, 8, 9, 10, 11, 12, 13, 14, 15, 16, 17, 18, 19, 20, 21, 22, 23, 24, 25, 26, 27, 28, 29, 30, 31, 32, 33, 34, 35, 36, 37, 38, 39, 40, 41, 42, 43, 44, 45, 46, 47, 48, 49, 50, 51, 52, 53, 54, 55, 56, 57, 58, 59, 60, 61, 62, 63, 64, 65, 66, 67, 68, 69, 70, 71, 72, 73, 74, 75, 76, 77, 78, 79, 80, 81, 82, 83, 84, 85, 86, 87, 88, 89, 90, 91, 92, 93, 94, 95, 96, 97, 98, 99, 100, 101, 102, 103, 104, 105, 106, 107, 108, 109, 110, 111, 112, 113, 114, 115, 116, 117, 118, 119, 120, 121, 122, 123, 124, 125, 126, 127, 128, 129, 130, 131, 132, 133, 134, 135, 136, 137, 138, 139, 140, 141, 142, 143, 144, 145, 146]",147,147,0.0,0.4168197,0.90639687,-0.48957717,48.791622,57.23201,-8.440388,57.23201
8,MKALVILGFLFLSVAVQGKVFERCELARTLKKLGLDGYKGVSLANWLCLTKWESSYNTKATNYNPSSESTDYGIFQINSKWWCNDGKTPNAVDGCHVSCSELMENDIAKAVACAKHIVSEQGITAWVAWKSHCRDHDVSSYVEGCTL,TRFSFLSVVAAMATTTNANTPANENSYNIIHNTDMNLFPDADYYGGMNMELRLGNAHSDVGHIKDTNATVIHRRGLLSDVISYLNNNLSSKYELAKLITKLDANDLVKYPATASASVALLDIYMTNAPDTATAKNMNLIDLIKDPEN,random,no_steering,"[0, 1, 2, 3, 4, 5, 6, 7, 8, 9, 10, 11, 12, 13, 14, 15, 16, 17, 18, 19, 20, 21, 22, 23, 24, 25, 26, 27, 28, 29, 30, 31, 32, 33, 34, 35, 36, 37, 38, 39, 40, 41, 42, 43, 44, 45, 46, 47, 48, 49, 50, 51, 52, 53, 54, 55, 56, 57, 58, 59, 60, 61, 62, 63, 64, 65, 66, 67, 68, 69, 70, 71, 72, 73, 74, 75, 76, 77, 78, 79, 80, 81, 82, 83, 84, 85, 86, 87, 88, 89, 90, 91, 92, 93, 94, 95, 96, 97, 98, 99, 100, 101, 102, 103, 104, 105, 106, 107, 108, 109, 110, 111, 112, 113, 114, 115, 116, 117, 118, 119, 120, 121, 122, 123, 124, 125, 126, 127, 128, 129, 130, 131, 132, 133, 134, 135, 136, 137, 138, 139, 140, 141, 142, 143, 144, 145, 146]",147,147,0.0,0.35365933,0.9377834,-0.5841241,48.40272,57.295883,-8.893162,57.295883
9,MKALIILGFLFLSVAVQGKVFERCELARTLKKLGLDGYKGVSLANWLCLTKWESSYNTKATNYNPGSESTDYGIFQINSKWWCNDGKTPNAVDGCHVSCSELMENDIAKAVACAKQIVSEQGITAWVAWKSHCRDHDVSSYVEGCTL,IRFFLLITLFTFVGQIEAQRYGKYQAVGQFYNTNPNNPYDYGKKSREAMAAVAANLPSTSKGDRIHTSLDASNLSKLPTGYYNKSKVGFHVKNRTGLAYAADLTDSLYFSIKASTNVFGIEIMRSFSSLINERSNSHITHTTFISNN,random,no_steering,"[0, 1, 2, 3, 4, 5, 6, 7, 8, 9, 10, 11, 12, 13, 14, 15, 16, 17, 18, 19, 20, 21, 22, 23, 24, 25, 26, 27, 28, 29, 30, 31, 32, 33, 34, 35, 36, 37, 38, 39, 40, 41, 42, 43, 44, 45, 46, 47, 48, 49, 50, 51, 52, 53, 54, 55, 56, 57, 58, 59, 60, 61, 62, 63, 64, 65, 66, 67, 68, 69, 70, 71, 72, 73, 74, 75, 76, 77, 78, 79, 80, 81, 82, 83, 84, 85, 86, 87, 88, 89, 90, 91, 92, 93, 94, 95, 96, 97, 98, 99, 100, 101, 102, 103, 104, 105, 106, 107, 108, 109, 110, 111, 112, 113, 114, 115, 116, 117, 118, 119, 120, 121, 122, 123, 124, 125, 126, 127, 128, 129, 130, 131, 132, 133, 134, 135, 136, 137, 138, 139, 140, 141, 142, 143, 144, 145, 146]",147,147,0.0,0.010403728,0.94749576,-0.937092,46.504505,57.32408,-10.819576,57.32408
10,MKALTILGLVLLSVTVQGKIFERCELARTLKKLGLDGYKGVSLANWVCLAKWESGYNTEATNYNPGDESTDYGIFQINSRYWCNNGKTPGAVDACHISCSALLQNNIADAVACAKRVVSDPQGIRAWVAWRNHCQNKDVSQYVKGCGV,LLVFLFFSITMIISGTEAHVYVHYQICQMFTGAKMNSFRNYNVVHEMSMVQHQGSFSSKTVHRASRSGYSNHRVLRVSNKWRRHDSRKAQTTNSRNVPRNKFTDDDLRVSISRGMKIARGSHAMSVRINYSKFSKGRNLQSVINSLNL,random,no_steering,"[0, 1, 2, 3, 4, 5, 6, 7, 8, 9, 10, 11, 12, 13, 14, 15, 16, 17, 18, 19, 20, 21, 22, 23, 24, 25, 26, 27, 28, 29, 30, 31, 32, 33, 34, 35, 36, 37, 38, 39, 40, 41, 42, 43, 44, 45, 46, 47, 48, 49, 50, 51, 52, 53, 54, 55, 56, 57, 58, 59, 60, 61, 62, 63, 64, 65, 66, 67, 68, 69, 70, 71, 72, 73, 74, 75, 76, 77, 78, 79, 80, 81, 82, 83, 84, 85, 86, 87, 88, 89, 90, 91, 92, 93, 94, 95, 96, 97, 98, 99, 100, 101, 102, 103, 104, 105, 106, 107, 108, 109, 110, 111, 112, 113, 114, 115, 116, 117, 118, 119, 120, 121, 122, 123, 124, 125, 126, 127, 128, 129, 130, 131, 132, 133, 134, 135, 136, 137, 138, 139, 140, 141, 142, 143, 144, 145, 146, 147]",148,148,0.0,0.2316304,0.8632607,-0.6316303,46.08918,57.542374,-11.453194,57.542374
11,MKALIILGLVLLSVTVQGKIFERCELARTLKKLGLDGYKGVSLANWVCLAKWESGYNTEATNYNPGDESTDYGIFQINSRYWCNNGKTPGAVDACHISCSALLQNNIADAVACAKRVVSDPQGVRAWVAWRNHCQNKDVSQYVKGCGV,TRFVSFVVILGIAAQSYARVYNHFDFVKQVIQVRAANVRRAFVSDTLFPSFFDPPFDSNVGTFRNISQINNDELYAKSDEWDFYDQRVEDQINRFRVKRNSICPDAATVDAGGVRKIADPIEALNFSTSYTFYFTSQAEDKWLESSNI,random,no_steering,"[0, 1, 2, 3, 4, 5, 6, 7, 8, 9, 10, 11, 12, 13, 14, 15, 16, 17, 18, 19, 20, 21, 22, 23, 24, 25, 26, 27, 28, 29, 30, 31, 32, 33, 34, 35, 36, 37, 38, 39, 40, 41, 42, 43, 44, 45, 46, 47, 48, 49, 50, 51, 52, 53, 54, 55, 56, 57, 58, 59, 60, 61, 62, 63, 64, 65, 66, 67, 68, 69, 70, 71, 72, 73, 74, 75, 76, 77, 78, 79, 80, 81, 82, 83, 84, 85, 86, 87, 88, 89, 90, 91, 92, 93, 94, 95, 96, 97, 98, 99, 100, 101, 102, 103, 104, 105, 106, 107, 108, 109, 110, 111, 112, 113, 114, 115, 116, 117, 118, 119, 120, 121, 122, 123, 124, 125, 126, 127, 128, 129, 130, 131, 132, 133, 134, 135, 136, 137, 138, 139, 140, 141, 142, 143, 144, 145, 146, 147]",148,148,0.0,0.00681691,0.858962,-0.8521451,43.04255,57.792194,-14.749645,57.792194
12,MRALIILGLVLLSVTVQGKIFERCELARTLKKLGLDGYKGVSLANWVCLAKWESGYNTEATNYNPGDESTDYGIFQINSRYWCNNGKTPGAVDACHISCSALLQNNIADAVACAKRVVSDPQGIRAWVAWRNHCQNKDVSQYVKGCGV,IKPVLLFCFLFVAAGAGARVYTKEDVVHAMWAAKVANIQHITIQDLRRTCYYRKDFSDQVIHHTNNYRDYNWDLWRLTNKFYWIAHYRYASAASAWVDYKVMFSSDGSATIKYTRDLYQKLLVMHPREVAKIVYEKDSIEEPWDEAIQ,random,no_steering,"[0, 1, 2, 3, 4, 5, 6, 7, 8, 9, 10, 11, 12, 13, 14, 15, 16, 17, 18, 19, 20, 21, 22, 23, 24, 25, 26, 27, 28, 29, 30, 31, 32, 33, 34, 35, 36, 37, 38, 39, 40, 41, 42, 43, 44, 45, 46, 47, 48, 49, 50, 51, 52, 53, 54, 55, 56, 57, 58, 59, 60, 61, 62, 63, 64, 65, 66, 67, 68, 69, 70, 71, 72, 73, 74, 75, 76, 77, 78, 79, 80, 81, 82, 83, 84, 85, 86, 87, 88, 89, 90, 91, 92, 93, 94, 95, 96, 97, 98, 99, 100, 101, 102, 103, 104, 105, 106, 107, 108, 109, 110, 111, 112, 113, 114, 115, 116, 117, 118, 119, 120, 121, 122, 123, 124, 125, 126, 127, 128, 129, 130, 131, 132, 133, 134, 135, 136, 137, 138, 139, 140, 141, 142, 143, 144, 145, 146, 147]",148,148,0.0,0.3181955,0.8603963,-0.5422008,50.12948,58.02141,-7.8919334,58.02141
13,MKALIVLGLVLLSVMVQGKVFERCELARTLKRLGMDGYRGISLANWMCLAKWESGYNTRATNYNAGDRSTDYGIFQINSRYWCNDGKTPGAVNACHLSCSALLQDNIADAVACAKRVVRDPQGIRAWVAWRNRCQNRDVRQYVQGCGV,NVSSLPFICLVITGFPAARFYKKLLIQTRFCQPDIKENLLFPISESISPVRLKTTFSSIVVDFPPNTKTREHWLLSVSPTWCRDGSRRIQSTQHKRMNYNSFVSYDLRQIIIARNIIYNNTNSMSYSGYFPTNYRSLKASRIIEFEQN,random,no_steering,"[0, 1, 2, 3, 4, 5, 6, 7, 8, 9, 10, 11, 12, 13, 14, 15, 16, 17, 18, 19, 20, 21, 22, 23, 24, 25, 26, 27, 28, 29, 30, 31, 32, 33, 34, 35, 36, 37, 38, 39, 40, 41, 42, 43, 44, 45, 46, 47, 48, 49, 50, 51, 52, 53, 54, 55, 56, 57, 58, 59, 60, 61, 62, 63, 64, 65, 66, 67, 68, 69, 70, 71, 72, 73, 74, 75, 76, 77, 78, 79, 80, 81, 82, 83, 84, 85, 86, 87, 88, 89, 90, 91, 92, 93, 94, 95, 96, 97, 98, 99, 100, 101, 102, 103, 104, 105, 106, 107, 108, 109, 110, 111, 112, 113, 114, 115, 116, 117, 118, 119, 120, 121, 122, 123, 124, 125, 126, 127, 128, 129, 130, 131, 132, 133, 134, 135, 136, 137, 138, 139, 140, 141, 142, 143, 144, 145, 146, 147]",148,148,0.0,0.11698321,0.31621265,-0.19922945,54.01731,58.38779,-4.3704796,58.38779
14,MKAVIILGLVLLSVTVQGKIFERCELARTLKRLGLDGYRGISLANWVCLAKWESGYNTQATNYNPGDQSTDYGIFQINSHYWCNNGKTPGAVNACHISCNALLQDNIADAVTCAKRVVRDPQGIRAWVAWRNHCQNRDVSQYVQGCGV,RRGNVKFDAIIFFIATNFRFTDKIRNVLIFDSSNFLRGHLYRVDDRSNKTSTDAVTDPEIVAISRANEARNVSLLNVKWRSSYDLKNQRTDIEYRDPNPAEFRNEDSTTRFNAVMGIASVTGNGHPRYSDHDDPELPNRTRWTSNHDI,random,no_steering,"[0, 1, 2, 3, 4, 5, 6, 7, 8, 9, 10, 11, 12, 13, 14, 15, 16, 17, 18, 19, 20, 21, 22, 23, 24, 25, 26, 27, 28, 29, 30, 31, 32, 33, 34, 35, 36, 37, 38, 39, 40, 41, 42, 43, 44, 45, 46, 47, 48, 49, 50, 51, 52, 53, 54, 55, 56, 57, 58, 59, 60, 61, 62, 63, 64, 65, 66, 67, 68, 69, 70, 71, 72, 73, 74, 75, 76, 77, 78, 79, 80, 81, 82, 83, 84, 85, 86, 87, 88, 89, 90, 91, 92, 93, 94, 95, 96, 97, 98, 99, 100, 101, 102, 103, 104, 105, 106, 107, 108, 109, 110, 111, 112, 113, 114, 115, 116, 117, 118, 119, 120, 121, 122, 123, 124, 125, 126, 127, 128, 129, 130, 131, 132, 133, 134, 135, 136, 137, 138, 139, 140, 141, 142, 143, 144, 145, 146, 147]",148,148,0.0,0.08586893,0.35366684,-0.26779792,49.455757,58.449867,-8.99411,58.449867
15,MKALLLLGLLLLSVTVQGKIFERCDLARTLKRLGLAGFKGVSLANWMCLAKWESNYNTKATNYNPGSRSTDYGIFQINSRYWCNDGKTPRAVNACHIPCSDLLKDDITQAVACAKRVVSDPNGIRAWVAWRAHCENQDVSQYVRNCGV,GRIVVAVFVACAALSANARLVSKANFTLDFAQANMDVYGRFTINDCVNIGYYVTFFHIQENTQSRLDVTFQCAEYHQENKSYYGNNSNTAVRDDNRVQKDLTMTNSLLDDIGYSMKIGRRGPDPKGRATYKQIYKITLLTRVCQVFAR,random,no_steering,"[0, 1, 2, 3, 4, 5, 6, 7, 8, 9, 10, 11, 12, 13, 14, 15, 16, 17, 18, 19, 20, 21, 22, 23, 24, 25, 26, 27, 28, 29, 30, 31, 32, 33, 34, 35, 36, 37, 38, 39, 40, 41, 42, 43, 44, 45, 46, 47, 48, 49, 50, 51, 52, 53, 54, 55, 56, 57, 58, 59, 60, 61, 62, 63, 64, 65, 66, 67, 68, 69, 70, 71, 72, 73, 74, 75, 76, 77, 78, 79, 80, 81, 82, 83, 84, 85, 86, 87, 88, 89, 90, 91, 92, 93, 94, 95, 96, 97, 98, 99, 100, 101, 102, 103, 104, 105, 106, 107, 108, 109, 110, 111, 112, 113, 114, 115, 116, 117, 118, 119, 120, 121, 122, 123, 124, 125, 126, 127, 128, 129, 130, 131, 132, 133, 134, 135, 136, 137, 138, 139, 140, 141, 142, 143, 144, 145, 146, 147]",148,148,0.0,0.2053362,0.90045047,-0.69511425,42.472336,58.53547,-16.063133,58.53547
