seq_id,sequence,length,description,source_db,family_tag
P61626,MKALIVLGLVLLSVTVQGKVFERCELARTLKRLGMDGYRGISLANWMCLAKWESGYNTRATNYNAGDRSTDYGIFQINSRYWCNDGKTPGAVNACHLSCSALLQDNIADAVACAKRVVRDPQGIRAWVAWRNRCQNRDVRQYVQGCGV,148,"Lysozyme C (EC 3.2.1.17) (1,4-beta-N-acetylmuramidase C)",UniProtKB/Swiss-Prot,lysozyme_general
P08905,MKTLLTLGLLLLSVTAQAKVYERCEFARTLKRNGMAGYYGVSLADWVCLAQHESNYNTRATNYNRGDQSTDYGIFQINSRYWCNDGKTPRAVNACGINCSALLQDDITAAIQCAKRVVRDPQGIRAWVAWRAHCQNRDLSQYIRNCGV,148,"Lysozyme C-2 (EC 3.2.1.17) (1,4-beta-N-acetylmuramidase C) (Lysozyme C type M)",UniProtKB/Swiss-Prot,lysozyme_general
P17897,MKALLTLGLLLLSVTAQAKVYNRCELARILKRNGMDGYRGVKLADWVCLAQHESNYNTRATNYNRGDRSTDYGIFQINSRYWCNDGKTPRSKNACGINCSALLQDDITAAIQCAKRVVRDPQGIRAWVAWRTQCQNRDLSQYIRNCGV,148,"Lysozyme C-1 (EC 3.2.1.17) (1,4-beta-N-acetylmuramidase C) (Lysozyme C type P)",UniProtKB/Swiss-Prot,lysozyme_general
Q8T1G4,MRIAFFLLVLAVIIGFAYGYSCPKPCYGNMCCSTSPNNQYYLTDFCGSTSACGPVPSCSGALYFTADSQRFGCGKYLNLCRSGKCVKAQIYDAGPAMWVEQDAGMMIIDASPTICHVLTGGSSCGWSDHFLITATVTSLTDSRPLGPFNVTESEMAQLFIDHEIAMAQCEAEKTCNGFDLE,181,"Lysozyme A (EC 3.2.1.n3) (1,4-beta-N-acetylmuramidase A)",UniProtKB/Swiss-Prot,lysozyme_general
P04421,MKALVILGFLFLSVAVQGKVFERCELARTLKKLGLDGYKGVSLANWLCLTKWESSYNTKATNYNPSSESTDYGIFQINSKWWCNDGKTPNAVDGCHVSCRELMENDIAKAVACAKHIVSEQGITAWVAWKSHCRDHDVSSYVEGCTL,147,"Lysozyme C (EC 3.2.1.17) (1,4-beta-N-acetylmuramidase C)",UniProtKB/Swiss-Prot,lysozyme_general
O76357,MFVKSLVFLTIAVAYASADCLHCICMRESGCKPIGCNMDVGSLSCGYYQIKLPYYEDCGQPTKKSGETTEAAWKRCANDLSCATTCVENYYNRYKSQCAGTGQGACEVMARNHNGGPQGCKHSGTLGYWNGIKSCCGCS,139,"Invertebrate-type lysozyme 3 (EC 3.2.1.17) (1,4-beta-N-acetylmuramidase)",UniProtKB/Swiss-Prot,lysozyme_general
P00697,MKALLVLGFLLLSASVQAKIYERCQFARTLKRNGMSGYYGVSLADWVCLAQHESNYNTQARNYNPGDQSTDYGIFQINSRYWCNDGKTPRAKNACGIPCSALLQDDITQAIQCAKRVVRDPQGIRAWVAWQRHCKNRDLSGYIRNCGV,148,"Lysozyme C-1 (EC 3.2.1.17) (1,4-beta-N-acetylmuramidase C)",UniProtKB/Swiss-Prot,lysozyme_general
P83673,MNGLILFCAVVFATAVCTYGSDAPCLRAGGRCQHDSITCSGRYRTGLCSGGVRRRCCVPSSSNSGSFSTGMVSQQCLRCICNVESGCRPIGCHWDVNSDSCGYFQIKRAYWIDCGSPGGDWQTCANNLACSSRCVQAYMARYHRRSGCSNSCESFARIHNGGPRGCRNSNTEGYWRRVQAQGCN,184,"Lysozyme 1 (EC 3.2.1.17) (1,4-beta-N-acetylmuramidase 1) (Invertebrate-type lysozyme 1) (cv-lysozyme 1)",UniProtKB/Swiss-Prot,lysozyme_general
Q1XG90,MNFLILFCVVASASVVYSSISDQCLRCICEVESGCRAIGCHWDVYSNSCGYFQIKQGYWTDCGSPGHSMESCADNYNCASGCVRSYMDHYIKYNGCADTCESYARMHNGGPNGCKSSHHHATDNYWRLVQAKGCS,135,"Lysozyme 2 (EC 3.2.1.17) (1,4-beta-N-acetylmuramidase 2) (Invertebrate-type lysozyme 2) (cv-lysozyme 2)",UniProtKB/Swiss-Prot,lysozyme_general
B3A003,MNGLFLFCVATTAALAYGSDAPCTNSGGVCQDDHLACHNGHYQSGLCTGGAHRRCCLTSASHTGSFSTGIVSQQCLQCICNVESGCKAIGCHFDVNSDSCGYFQIKEGYWHDCGSPGSSWRSCANDLACASKCVQAYMSRYIGFSGCSHSCESYARIHNGGPAGCKHTNTLGYWSHVHAQGCSHNSK,187,"Lysozyme 3 (EC 3.2.1.17) (1,4-beta-N-acetylmuramidase 3) (Invertebrate-type lysozyme 3) (cv-lysozyme 3)",UniProtKB/Swiss-Prot,lysozyme_general
P86383,FAGGIVSQRCLSCICKMESGCRNVGCKMDMGSLSCGYFQIKEAYWIDCGRPGSSWKSCAASSYCASLCVQNYMKRYAKWAGCPLRCEGFAREHNGGPRGCKKGSTIGYWNRLQKISGCHGVQ,122,"Lysozyme (EC 3.2.1.17) (1,4-beta-N-acetylmuramidase) (Invertebrate-type lysozyme)",UniProtKB/Swiss-Prot,lysozyme_general
P11941,MRAVVVLLLVAVASAKVYDRCELARALKASGMDGYAGNSLPNWVCLSKWESSYNTQATNRNTDGSTDYGIFQINSRYWCDDGRTPGAKNVCGIRCSQLLTADLTVAIRCAKRVVLDPNGIGAWVAWRLHCQNQDLRSYVAGCGV,144,"Lysozyme C II (EC 3.2.1.17) (1,4-beta-N-acetylmuramidase C) (Lysozyme type II)",UniProtKB/Swiss-Prot,lysozyme_general
P00701,MRSLLVLVLCFLPLAALGKVYGRCELAAAMKRHGLDKYQGYSLGNWVCAAKFESNFNTQATNRNTDGSTDYGILQINSRWWCNDGRTPGSRNLCNIPCSALLSSDITASVNCAKKIVSDVHGMNAWVAWRNRCKGTDVNAWIRGCRL,147,"Lysozyme C (EC 3.2.1.17) (1,4-beta-N-acetylmuramidase C)",UniProtKB/Swiss-Prot,lysozyme_general
P00702,MRSLLILVLCFLPLAAPGKVYGRCELAAAMKRMGLDNYRGYSLGNWVCAAKFESNFNTGATNRNTDGSTDYGILQINSRWWCNDGRTPGSKNLCHIPCSALLSSDITASVNCAKKIVSDGNGMNAWVAWRKHCKGTDVNVWIRGCRL,147,"Lysozyme C (EC 3.2.1.17) (1,4-beta-N-acetylmuramidase C)",UniProtKB/Swiss-Prot,lysozyme_general
P00703,MRSLLILVLCFLPLAALGKVYGRCELAAAMKRLGLDNYRGYSLGNWVCAAKFESNFNTHATNRNTDGSTDYGILQINSRWWCNDGRTPGSKNLCNIPCSALLSSDITASVNCAKKIASGGNGMNAWVAWRNRCKGTDVHAWIRGCRL,147,"Lysozyme C (EC 3.2.1.17) (1,4-beta-N-acetylmuramidase C)",UniProtKB/Swiss-Prot,lysozyme_general
P17607,MKALIILGLLCLSVAVQGKVFERCELARTLKELGLDGYKGVSLANWLCLTKWESSYNTKATNYNPGSESTDYGIFQINSKWWCNDGKTPNAVDGCHVSCSELMENNIAKAVACAKHIVSEQGITAWVAWKSHCRDHDVSSYVEGCSL,147,"Lysozyme C-1 (EC 3.2.1.17) (1,4-beta-N-acetylmuramidase C)",UniProtKB/Swiss-Prot,lysozyme_general
P00705,MKALLTLVFCLLPLAAQGKVYSRCELAAAMKRLGLDNYRGYSLGNWVCAANYESGFNTQATNRNTDGSTDYGILQINSRWWCDNGKTPRSKNACGIPCSVLLRSDITEAVRCAKRIVSDGDGMNAWVAWRNRCRGTDVSKWIRGCRL,147,"Lysozyme C-1 (EC 3.2.1.17) (1,4-beta-N-acetylmuramidase C)",UniProtKB/Swiss-Prot,lysozyme_general
Q8IU26,METVSVEEGLDFAPGMVSQKCLLCMCKLESGGCKPIGCRMDVGSLSCGYFQIKQPYWIDCGKPGKDWKSCSNDINCSSKCVQQYMKRYATHYRCPLNCEGFAREHNGGPNGCHSSRTLKYWELLQKIPGCKGVKFS,136,"Invertebrate-type lysozyme (EC 3.2.1.17) (1,4-beta-N-acetylmuramidase) (Destabilase)",UniProtKB/Swiss-Prot,lysozyme_general
Q86SG7,MLSSVVFWGLIALIGTSRGSYPFSHSMKPHLHPRLYHGCYGDIMTMKTSGATCDANSVMNCGIRGSEMFAEMDLRAIKPYQTLIKEVGQRHCVDPAVIAAIISRESHGGSVLQDGWDHRGLKFGLMQLDKQTYHPVGAWDSKEHLSQATGILTERIKAIQKKFPTWSVAQHLKGGLSAFKSGIEAIATPSDIDNDFVNDIIARAKFYKRQSF,212,Lysozyme g-like protein 2 (EC 3.2.1.-),UniProtKB/Swiss-Prot,lysozyme_general
P00698,MRSLLILVLCFLPLAALGKVFGRCELAAAMKRHGLDNYRGYSLGNWVCAAKFESNFNTQATNRNTDGSTDYGILQINSRWWCNDGRTPGSRNLCNIPCSALLSSDITASVNCAKKIVSDGNGMNAWVAWRNRCKGTDVQAWIRGCRL,147,"Lysozyme C (EC 3.2.1.17) (1,4-beta-N-acetylmuramidase C) (Allergen Gal d IV) (allergen Gal d 4)",UniProtKB/Swiss-Prot,lysozyme_general
P37161,MRALLGICVLALVTPAVLGRTMDRCSLAREMANMGVSRDQLSKWACIAEHESSYRTGVVGPPNTDGSNDYGIFQINDMYWCQPSSGKFSHNGCDVSCNALLTDDIKSSVRCALKVLGQQGWSAWSTWHYCSGYLPPIDDCFV,142,"Lysozyme X (EC 3.2.1.17) (1,4-beta-N-acetylmuramidase X)",UniProtKB/Swiss-Prot,lysozyme_general
P83972,MKAFIVLVALACAAPAFGRTMDRCSLAREMSNLGVPRDQLARWACIAEHESSYRTGVVGPENYNGSNDYGIFQINDYYWCAPPSGRFSYNECGLSCNALLTDDITHSVRCAQKVLSQQGWSAWSTWHYCSGWLPSIDDCF,140,"Lysozyme D (EC 3.2.1.17) (1,4-beta-N-acetylmuramidase D)",UniProtKB/Swiss-Prot,lysozyme_general
P37159,MKAFIVLVALAMAAPALGRTLDRCSLAREMSNLGVPRDQLARWACIAEHESSYRTGVVGPENYNGSNDYGIFQINNYYWCAPPSGRFSYNECGLSCNALLTDDITHSVRCAQKVLSQQGWSAWSTWHYCSGWLPSIDGCF,140,"Lysozyme E (EC 3.2.1.17) (1,4-beta-N-acetylmuramidase E)",UniProtKB/Swiss-Prot,lysozyme_general
P29615,MKAFLVICALTLTAVATQARTMDRCSLAREMSKLGVPRDQLAKWTCIAQHESSFRTGVVGPANSNGSNDYGIFQINNKYWCKPADGRFSYNECGLSCNALLTDDITNSVKCARKIQRQQGWTAWSTWKYCSGSLPSINSCF,141,"Lysozyme P (EC 3.2.1.17) (1,4-beta-N-acetylmuramidase P)",UniProtKB/Swiss-Prot,lysozyme_general
Q06284,MKALIILGFLFLSVAVQGKVFERCELARTLKKLGLDGYKGVSLANWLCLTKWESSYNTKATNYNPSSESTDYGIFQINSKWWCNDGKTPNAVDGCHVSCSELMENDIAKAVACAKHIVSEQGITAWVAWKSHCRDHDVSSYVQGCTL,147,"Lysozyme C-3 (EC 3.2.1.17) (1,4-beta-N-acetylmuramidase C)",UniProtKB/Swiss-Prot,lysozyme_general
Q06285,MKALIILGFLFLSVAVQGKVFERCELARTLKKLGLDGYKGVSLANWLCLTKWESSYNTKATNYNPGSESTDYGIFQINSKWWCNDGKTPNAVDGCHVSCSELMENDIAKAVACAKQIVSEQGITAWVAWKSHCRDHDVSSYVEGCTL,147,"Lysozyme C-1 (EC 3.2.1.17) (1,4-beta-N-acetylmuramidase C)",UniProtKB/Swiss-Prot,lysozyme_general
Q06283,MKALVILGFLFLSVAVQGKVFERCELARTLKKLGLDGYKGVSLANWLCLTKWESSYNTKATNYNPSSESTDYGIFQINSKWWCNDGKTPNAVDGCHVSCSELMENDIAKAVACAKHIVSEQGITAWVAWKSHCRDHDVSSYVEGCTL,147,"Lysozyme C-2 (EC 3.2.1.17) (1,4-beta-N-acetylmuramidase C)",UniProtKB/Swiss-Prot,lysozyme_general
O76358,MFVKAILLLSIAVAYASADCLHCICMRESGCKPIGCHMDVGSLSCGYYQIKIPYYEDCGQPGKKHGESTEVAWKRCADDLKCATNCVENYYNRYKHECAGTGQGACEVMARNHNGGPRGCHASGTLGYWKGVHSCCGCS,139,"Invertebrate-type lysozyme 2 (EC 3.2.1.17) (1,4-beta-N-acetylmuramidase)",UniProtKB/Swiss-Prot,lysozyme_general
Q05820,MKALLVLGFLLLSASVQAKVFKHCELARILRSSALAGYRGVSLENWMCMAQHESNFDTEAINYNSTDQSTDYGIFQINSRYWCNDGKTPRAVNACGIPCSALLQDDITQAIQCAKRVVRDPQGIRAWVAWQRHCQNRDLSGYIRNCGV,148,"Putative lysozyme C-2 (EC 3.2.1.17) (1,4-beta-N-acetylmuramidase C)",UniProtKB/Swiss-Prot,lysozyme_general
Q27996,MKALLILGLLLLSVAVQGKTFKRCELAKTLKNLGLAGYKGVSLANWMCLAKGESNYNTQAKNYNPGSKSTDYGIFQINSKWWCNDGKTPKAVNGCGVSCSALLKDDITQAVACAKKIVSQQGITAWVAWKNKCRNRDLTSYVKGCGV,147,"Lysozyme C, tracheal isozyme (EC 3.2.1.17) (1,4-beta-N-acetylmuramidase C)",UniProtKB/Swiss-Prot,lysozyme_general
Q7LZQ1,GKIYEQCELAREFKRHGMDGYHGYSLGDWVCTAKHESNFNTAATNYNRGDQSTDYGILQINSRWWCNDGKTPKAKNACGIECSELLKADITAAVNCAKRIVRDPNGMGAWVAWTKYCKGKDVSQWIKGCKL,131,"Lysozyme C (EC 3.2.1.17) (1,4-beta-N-acetylmuramidase C) (Softshell turtle lysozyme C) (SSTL)",UniProtKB/Swiss-Prot,lysozyme_general
P00721,TVQGFDISSYQPSVNFAGAYSAGARFVIIKATEGTSYTNPSFSSQYNGATTATGNYFIRGGYHFAHPGETTGAAQADYFIAHGGGWSGDGITLPGMLDLESEGSNPACWGLSAASMVAWIKAFSDRYHAVTGRYPMLYTNPSWWSSCTGNSNAFVNTNPLVLANRYASAPGTIPGGWPYQTIWQNSDAYAYGGSNNFINGSIDNLKKLATG,211,"N,O-diacetylmuramidase (EC 3.2.1.17) (Lysozyme CH)",UniProtKB/Swiss-Prot,lysozyme_general
P85345,KIYEQCEAAREMKRLGLDGYDGYSLGDWVCTAKHESNFNTGATNYNRGDQSTDYGIFQINSRWWCNDGKTPNAKNACGIECSELLKADITAAVICAKRVVRDPNGMGAWVAWTKYCKGKDVSQWIKGCKL,130,"Lysozyme C (EC 3.2.1.17) (1,4-beta-N-acetylmuramidase C) (Asiatic softshell turtle lysozyme C) (ASTL)",UniProtKB/Swiss-Prot,lysozyme_general
P48816,MQKLIIFALVVLCVGSEAKTFTRCGLVHELRKHGFEENLMRNWVCLVEHESSRDTSKTNTNRNGSKDYGLFQINDRYWCSKGASPGKDCNVKCSDLLTDDITKAAKCAKKIYKRHRFDAWYGWKNHCQGSLPDISSC,137,"Lysozyme (EC 3.2.1.17) (1,4-beta-N-acetylmuramidase)",UniProtKB/Swiss-Prot,lysozyme_general
P05105,MTKYVILLAVLAFALHCDAKRFTRCGLVQELRRLGFDETLMSNWVCLVENESGRFTDKIGKVNKNGSRDYGLFQINDKYWCSKGTTPGKDCNVTCNQLLTDDISVAATCAKKIYKRHKFDAWYGWKNHCQHGLPDISDC,139,"Lysozyme (EC 3.2.1.17) (1,4-beta-N-acetylmuramidase)",UniProtKB/Swiss-Prot,lysozyme_general
P24533,KVYGRCELAAAMKRLGLDNYRGYSLGNWVCAAKFESNFNTHATNRNTDGSTDYGILQINSRWWCNDGRTPGSRNLCHISCSALLSSDITASVNCAKKIVSDRNGMNAWVAWRNRCKGTDVNAWIRGCRL,129,"Lysozyme C (EC 3.2.1.17) (1,4-beta-N-acetylmuramidase)",UniProtKB/Swiss-Prot,lysozyme_general
P24364,KVYGRCELAAAMKRLGLDNYRGYSLGNWVCAAKYESNFNTHATNRNTDGSTDYGILQINSRWWCNDGKTPGSRNLCHIPCSALLSSDITASVNCAKKIVSDGNGMNAWVAWRNRCKGTDVSVWTRGCRL,129,"Lysozyme C (EC 3.2.1.17) (1,4-beta-N-acetylmuramidase)",UniProtKB/Swiss-Prot,lysozyme_general
P19849,KVYGRCELAAAMKRLGLDNYRGYSLGNWVCAAKFESNFNTHATNRNTDGSTDYGILQINSRWWCNDGRTPGSRNLCNIPCSALLSSDITASVNCAKKIVSDRNGMNAWVAWRNRCKGTDVHAWIRGCRL,129,"Lysozyme C (EC 3.2.1.17) (1,4-beta-N-acetylmuramidase)",UniProtKB/Swiss-Prot,lysozyme_general
Q27650,MFALFLCIALASAKLGIDVSQPTSTSSFTCLRNKGFTTMVIVRAWKSTGSFDTNAPQTLKNANAAGFSIENSDVYYYPCISCGNMAGQVRTFWQKVGQYSLKVKRVWFDIEGTWTSSVSTNQNYLMQMMNEARAIGIVHGIYGSKYYWGNLFGSSYKYAYASSTPLWYPHYDNSPSFSDFSSFGGWTSPSMKQYRGDVSVCSAGVDYNYKP,211,"Lysozyme 1 (EC 3.2.1.17) (1,4-beta-N-acetylmuramidase)",UniProtKB/Swiss-Prot,lysozyme_general
C1IIX1,MRVLPLALLVGLLAVSDAKVLGKCEFARLLETRYNLSRNDIKNWVCIAEFESSFNTAATNRNRNRSTDYGIFQINNKYWCGSDYGKNVCGIPCSDLMSDDITAALRCAETVRRATERYRGRGKGYTAWVAYNSKCKKRDLDQYMAECWSRGSNSIFPF,158,"Lysozyme C (EC 3.2.1.17) (1,4-beta-N-acetylmuramidase C)",UniProtKB/Swiss-Prot,lysozyme_general
P00700,KVFGRCELAAAMKRHGLDNYRGYSLGNWVCAAKFESNFNSQATNRNTDGSTDYGVLQINSRWWCNDGKTPGSRNLCNIPCSALLSSDITATVNCAKKIVSDGNGMNAWVAWRNRCKGTDVQAWIRGCRL,129,"Lysozyme C (EC 3.2.1.17) (1,4-beta-N-acetylmuramidase C)",UniProtKB/Swiss-Prot,lysozyme_general
P00707,KIYKRCELAAAMKRYGLDNYRGYSLGNWVCAARYESNYNTQATNRNSNGSTDYGILQINSRWWCNDGRTPGTKNLCHISCSALMGADIAPSVRCAKRIVSDGDGMNAWVAWRKHCKGTDVSTWIKDCKL,129,"Lysozyme C (EC 3.2.1.17) (1,4-beta-N-acetylmuramidase C)",UniProtKB/Swiss-Prot,lysozyme_general
P61629,MKAVIILGLVLLSVTVQGKIFERCELARTLKRLGLDGYRGISLANWVCLAKWESDYNTQATNYNPGDQSTDYGIFQINSHYWCNNGKTPGAVNACHISCNALLQDNIADAVTCAKRVVSDPQGIRAWVAWRNHCQNRDVSQYVQGCGV,148,"Lysozyme C (EC 3.2.1.17) (1,4-beta-N-acetylmuramidase C)",UniProtKB/Swiss-Prot,lysozyme_general
P61631,MKALIILGLVLLSVTVQGKIFERCELARTLKKLGLDGYKGVSLANWVCLAKWESGYNTDATNYNPGDESTDYGIFQINSRYWCNNGKTPGAVNACHISCNALLQNNIADAVACAKRVVSDPQGIRAWVAWKKHCQNRDVSQYVEGCGV,148,"Lysozyme C (EC 3.2.1.17) (1,4-beta-N-acetylmuramidase C)",UniProtKB/Swiss-Prot,lysozyme_general
P61634,MKAVIILGLVLLSVTVQGKIFERCELARTLKRLGLDGYRGISLANWVCLAKWESGYNTQATNYNPGDQSTDYGIFQINSHYWCNNGKTPGAVNACHISCNALLQDNIADAVTCAKRVVRDPQGIRAWVAWRNHCQNRDVSQYVQGCGV,148,"Lysozyme C (EC 3.2.1.17) (1,4-beta-N-acetylmuramidase C)",UniProtKB/Swiss-Prot,lysozyme_general
P67978,MKALTILGLVLLSVTVQGKIFERCELARTLKKLGLDGYKGVSLANWVCLAKWESGYNTEATNYNPGDESTDYGIFQINSRYWCNNGKTPGAVDACHISCSALLQNNIADAVACAKRVVSDPQGIRAWVAWRNHCQNKDVSQYVKGCGV,148,"Lysozyme C (EC 3.2.1.17) (1,4-beta-N-acetylmuramidase C)",UniProtKB/Swiss-Prot,lysozyme_general
P67980,MRALIILGLVLLSVTVQGKIFERCELARTLKKLGLDGYKGVSLANWVCLAKWESGYNTEATNYNPGDESTDYGIFQINSRYWCNNGKTPGAVDACHISCSALLQNNIADAVACAKRVVSDPQGIRAWVAWRNHCQNKDVSQYVKGCGV,148,"Lysozyme C (EC 3.2.1.17) (1,4-beta-N-acetylmuramidase C)",UniProtKB/Swiss-Prot,lysozyme_general
P79294,MKVLVILGLVLLSVMVQGKVFERCELARTLKRLGMDGYRGISLANWMCLAKWESDYNTRATNYNPGDQSTDYGIFQINSHYWCNNGRTPGAVNACHISCNALLQDDITQAVACAKRVVRDPQGIRAWVAWKAHCQNRDVSQYVQGCGV,148,"Lysozyme C (EC 3.2.1.17) (1,4-beta-N-acetylmuramidase C)",UniProtKB/Swiss-Prot,lysozyme_general
P79847,MKALIILGLVLLSVTVQGKIFERCELARTLKKLGLDGYKGVSLANWVCLAKWESGYNTEATNYNPGDESTDYGIFQINSRYWCNNGKTPGAVDACHISCSALLQNNIADAVACAKRVVSDPQGVRAWVAWRNHCQNKDVSQYVKGCGV,148,"Lysozyme C (EC 3.2.1.17) (1,4-beta-N-acetylmuramidase C)",UniProtKB/Swiss-Prot,lysozyme_general
Q91159,MLFFGFLLAFLSAVPGTEGEIIPRCELVKILREHGFEGFEGTTIADWICLVQHESDYNTEAYNNNGPSRDYGIFQINSKYWCNDGKTSGAVDGCHISCSELMTNDLEDDIKCAKKIARDAHGLTPWYGWKNHCEGRDLSSYVKGC,145,"Lysozyme C (EC 3.2.1.17) (1,4-beta-N-acetylmuramidase C)",UniProtKB/Swiss-Prot,lysozyme_general
G3XDT7,MKFFLILGFCLLPLIAQGKVFQRCELAAAMKKHGLSNYRGYSLGHWVCAAKYESNFNTAAINRNRDGSSDYGILQINSRWWCNDGRTSGAKNLCKISCSALLSSDITASVNCAKRVVSDKNGMNAWVAWRNHCKGRDVSQWIRGCRV,147,"Lysozyme C (EC 3.2.1.17) (1,4-beta-N-acetylmuramidase C)",UniProtKB/Swiss-Prot,lysozyme_general
P16973,KIYERCELARTLKKLGLDGYKGVSLANWMCLAKWESSYNTRATNYNPGDKSTDYGIFQINSRYWCNDGKTPRAVNACHIPCSDLLKDDITQAVACAKRVVSDPQGIRAWVAWRNHCQNQDLTPYIRGCGV,130,"Lysozyme C (EC 3.2.1.17) (1,4-beta-N-acetylmuramidase C)",UniProtKB/Swiss-Prot,lysozyme_general
P79179,MKALIVLGLVLLSVMVQGKVFERCELARTLKRLGMDGYRGISLANWMCLAKWESGYNTRATNYNAGDRSTDYGIFQINSRYWCNDGKTPGAVNACHLSCSALLQDNIADAVACAKRVVRDPQGIRAWVAWRNRCQNRDVRQYVQGCGV,148,"Lysozyme C (EC 3.2.1.17) (1,4-beta-N-acetylmuramidase C)",UniProtKB/Swiss-Prot,lysozyme_general
P79811,MKALIILGLVLLSVTVQGKIFERCELARTLKKLGLDGYKGVSLANWVCLAKWESGYNTEATNYNPGDESTDYGIFQINSRYWCNNGKTPGAVDACHISCSALLQNNIADAVACAKRVVSDPQGIRAWVAWRNHCQNRDVSQYVKGCGV,148,"Lysozyme C (EC 3.2.1.17) (1,4-beta-N-acetylmuramidase C)",UniProtKB/Swiss-Prot,lysozyme_general
P00699,KVFGRCELAAAMKRHGLDNYRGYSLGNWVCAAKFESNFNSQATNRNTDGSTDYGVLQINSRWWCNDGRTPGSRNLCNIPCSALLSSDITATVNCAKKIVSDGNGMNAWVAWRNRCKGTDVHAWIRGCRL,129,"Lysozyme C (EC 3.2.1.17) (1,4-beta-N-acetylmuramidase C)",UniProtKB/Swiss-Prot,lysozyme_general
P00706,KVYERCELAAAMKRLGLDNYRGYSLGNWVCAANYESSFNTQATNRNTDGSTDYGILEINSRWWCDNGKTPRAKNACGIPCSVLLRSDITEAVKCAKRIVSDGDGMNAWVAWRNRCKGTDVSRWIRGCRL,129,"Lysozyme C-3 (EC 3.2.1.17) (1,4-beta-N-acetylmuramidase)",UniProtKB/Swiss-Prot,lysozyme_general
P00708,KDIPRCELVKILRRHGFEGFVGKTVANWVCLVKHESGYRTTAFNNNGPNSRDYGIFQINSKYWCNDGKTRGSKNACNINCSKLRDDNIADDIQCAKKIAREARGLTPWVAWKKYCQGKDLSSYVRGC,127,"Lysozyme C (EC 3.2.1.17) (1,4-beta-N-acetylmuramidase C)",UniProtKB/Swiss-Prot,lysozyme_general
P11375,KVFSKCELAHKLKAQEMDGFGGYSLANWVCMAEYESNFNTRAFNGKNANGSYDYGLFQLNSKWWCKDNKRSSSNACNIMCSKLLDDNIDDDISCAKRVVRDPKGMSAWKAWVKHCKDKDLSEYLASCNL,129,"Lysozyme C (EC 3.2.1.17) (1,4-beta-N-acetylmuramidase C)",UniProtKB/Swiss-Prot,lysozyme_general
P51782,MKVLLLLGFIFCSMAAHGKRMERCEFARRIKQLHLDGYHQISLANWVCLAQWESGFDTKATNYNPGDQSTDYGILQINSHYWCDDGKTPHAANECKVRCSELQEDDLVKAVNCAKKIVDQQGIRAWVAWRNKCEGKDLSKYLEGCHL,147,"Lysozyme C (EC 3.2.1.17) (1,4-beta-N-acetylmuramidase C)",UniProtKB/Swiss-Prot,lysozyme_general
P79268,MKVLILLGLVLLSVMVQGKVFERCELARTLKRLGLDGYRGISLANWMCLAKWESDYNTRATNYNPGDQSTDYGIFQINSHYWCNNGRTPGAVNACHISCNALLQDDITEAVACAKRVVRDPQGIRAWVAWKAHCQNRDVSQYIQGCGV,148,"Lysozyme C (EC 3.2.1.17) (1,4-beta-N-acetylmuramidase C)",UniProtKB/Swiss-Prot,lysozyme_general
P79687,MKAVIILGLVLLSVTVQGKIFERCELARTLKRLGLDGYRGISLANWVCLAKWESDYNTQATNYNPGDQSTDYGIFQINSHYWCNNGKTPGAVNACRISCNALLQDNIADAVTCAKRVVRDPQGIRAWVAWRNHCQNRDVSQYVQGCGV,148,"Lysozyme C (EC 3.2.1.17) (1,4-beta-N-acetylmuramidase C)",UniProtKB/Swiss-Prot,lysozyme_general
P79806,MKAVIILGLVLLSVTVQGKIFERCELARTLKRLGLDGYRGISLANWVCLAKWESDYNTQATNYNPGDQSTDYGIFQINSHYWCNNGKTPGAVNACHISCNALLQDNIADAVTCAKRVVRDPQGIRAWVAWRNHCHNRDVSQYVQGCGV,148,"Lysozyme C (EC 3.2.1.17) (1,4-beta-N-acetylmuramidase C)",UniProtKB/Swiss-Prot,lysozyme_general
P00704,KVFGRCELAAAMKRHGLDNYRGYSLGNWVCAAKFESNFNSQATNRNTDGSTDYGVLQINSRWWCNDGRTPGSRNLCNIPCSALQSSDITATANCAKKIVSDGNGMNAWVAWRKHCKGTDVRVWIKGCRL,129,"Lysozyme C (EC 3.2.1.17) (1,4-beta-N-acetylmuramidase C)",UniProtKB/Swiss-Prot,lysozyme_general
P22910,KVYGRCELAAAMKRLGLDNYRGYSLGNWVCAAKFESNFNTHATNRNTDGSTDYGILQINSRWWCNDGRTPGSRNLCHIPCSALLSSDITASVNCAKKIVSDGNGMNAWVAWRNRCKGTDVNAWTRGCRL,129,"Lysozyme C (EC 3.2.1.17) (1,4-beta-N-acetylmuramidase C)",UniProtKB/Swiss-Prot,lysozyme_general
P30201,MKAVIILGLVLLSVTVQGKIFERCELARTLKRLGLDGYRGISLANWVCLAKWESNYNTQATNYNPGDQSTDYGIFQINSHYWCNNGKTPGAVNACHISCNALLQDNIADAVTCAKRVVSDPQGIRAWVAWRNHCQNRDVSQYVQGCGV,148,"Lysozyme C (EC 3.2.1.17) (1,4-beta-N-acetylmuramidase C)",UniProtKB/Swiss-Prot,lysozyme_general
P79158,MKVLIILGLVLLSVMVQGKVFERCELARTLKRFGLDGYRGISLANWMCLAKWESDYNTRATNYNPGDQSTDYGIFQINSHYWCNNGRTPGAVNACHISCNALLQDDITEAVACAKRVVRDPQGIRAWVAWKAHCQNRDVSQYVQGCGV,148,"Lysozyme C (EC 3.2.1.17) (1,4-beta-N-acetylmuramidase C)",UniProtKB/Swiss-Prot,lysozyme_general
P79180,MKALIILGLVLLSVMVQAKVFERCELARTLKRLGMDGYRGISLANWMCLAKWESGYNTRATNYNPGDRSTDYGIFQINSRYWCNDGKTPGAVNACHLSCNALLQDNIADAVACAKRVVRDPQGIRAWVAWRNRCQNRDLRQYIQGCGV,148,"Lysozyme C (EC 3.2.1.17) (1,4-beta-N-acetylmuramidase C)",UniProtKB/Swiss-Prot,lysozyme_general
P79239,MKALIILGLVLLSVTVQSKVFERCELARTLKRLGMDGYRGISLANWMCLAKWESGYNTRATNYNPGDRSTDYGIFQINSRYWCNDGKTPGAVNACHLSCSALLQDNIADAVACAKRVVRDPQGIRAWVAWRNRCQNRDVRQYVQGCGV,148,"Lysozyme C (EC 3.2.1.17) (1,4-beta-N-acetylmuramidase C)",UniProtKB/Swiss-Prot,lysozyme_general
P12069,MKTLLVLALLLLSVSVQAKVYDRCEFARILKKSGMDGYRGVSLANWVCLAKWESNFNTKATNYNPGSQSTDYGIFQINSRYWCNDGKTPKAVNACHISCKVLLDDDLSQDIECAKRVVRDPQGIKAWVAWKAHCQNKDVSQYIRGCKL,148,"Lysozyme C-3 (EC 3.2.1.17) (1,4-beta-N-acetylmuramidase C)",UniProtKB/Swiss-Prot,lysozyme_general
P12067,KVYDRCEFARILKKSGMDGYRGVSLANWVCLAKWESDFNTKAINRNVGSTDYGIFQINSRYWCNDGKTPKAVNACHISCKVLLDDDLSQDIECAKRVVRDPQGIKAWVAWRTHCQNKDVSQYIRGCKL,128,"Lysozyme C-1 (EC 3.2.1.17) (1,4-beta-N-acetylmuramidase C)",UniProtKB/Swiss-Prot,lysozyme_general
Q9TUN1,MKALVILGLLFLSVAVQGKVFERCELARTLKKLGLDDYKGVSLANWLCLSKWESGYNTKATNYNPGSESTDYGIFQINSKWWCNDGKTPNAVDGCHVSCSALMENDIEKAVACAKHIVSEQGITAWVAWKSHCRVHDVSSYVEGCKL,147,"Lysozyme C-3 (EC 3.2.1.17) (1,4-beta-N-acetylmuramidase C)",UniProtKB/Swiss-Prot,lysozyme_general
P37156,KILKKQELCKNLVAQGMNGYQHITLPNWVCTAFHESSYNTRATNHNTDGSTDYGILQINSRYWCHDGKTPGSKNACNISCSKLLDDDITDDLKCAKKIAGEAKGLTPWVAWKSKCRGHDLSKFKC,125,"Lysozyme C I (EC 3.2.1.17) (1,4-beta-N-acetylmuramidase C)",UniProtKB/Swiss-Prot,lysozyme_general
P12068,MKTLLVLALLLLSVSVQAKVYDRCEFARILKKSGMDGYRGVSLANWVCLAKWESDFNTKAINHNVGSTDYGIFQINSRYWCNDGKTPKAVNACHISCKVLLDDDLSQDIECAKRVVRDPLGVKAWVAWRAHCQNKDVSQYIRGCKL,146,"Lysozyme C-2 (EC 3.2.1.17) (1,4-beta-N-acetylmuramidase C)",UniProtKB/Swiss-Prot,lysozyme_general
P80190,KVFERCELARTLKRFGMDGFRGISLANWMCLARWESSYNTQATNYNSGDRSTDYGIFQINSHWWCNDGKTPGAVNACHIPCSALLQDDITQAVACAKRVVSDPQGIRAWVAWRSHCQNQDLTSYIQGCGV,130,"Lysozyme C, kidney isozyme (EC 3.2.1.17) (1,4-beta-N-acetylmuramidase C)",UniProtKB/Swiss-Prot,lysozyme_general
P11376,KVFSKCELAHKLKAQEMDGFGGYSLANWVCMAEYESNFNTRAFNGKNANGSSDYGLFQLNNKWWCKDNKRSSSNACNIMCSKLLDENIDDDISCAKRVVRDPKGMSAWKAWVKHCKDKDLSEYLASCNL,129,"Lysozyme C, milk isozyme (EC 3.2.1.17) (1,4-beta-N-acetylmuramidase C)",UniProtKB/Swiss-Prot,lysozyme_general
P12066,KVFERCELARTLKELGLDGYKGVSLANWLCLTKWESSYNTKATNYNPGSESTDYGIFQINSKWWCDDGKTPNAVDGCHVACSELMENNIDKAVTCAKQIVREQGITAWVAWKSHCRGHDVSSYVEGCTL,129,"Lysozyme C-1/C-2 (EC 3.2.1.17) (1,4-beta-N-acetylmuramidase C)",UniProtKB/Swiss-Prot,lysozyme_general
Q8N1E2,MSALWLLLGLLALMDLSESSNWGCYGNIQSLDTPGASCGIGRRHGLNYCGVRASERLAEIDMPYLLKYQPMMQTIGQKYCMDPAVIAGVLSRKSPGDKILVNMGDRTSMVQDPGSQAPTSWISESQVSQTTEVLTTRIKEIQRRFPTWTPDQYLRGGLCAYSGGAGYVRSSQDLSCDFCNDVLARAKYLKRHGF,194,Lysozyme g-like protein 1 (EC 3.2.1.-),UniProtKB/Swiss-Prot,lysozyme_general
Q3V1I0,MVPSVVFWGLIALVGTAKGSYTHSVHSMNPHVHPRLYHGCYGDIMTMETFGAPCDINNLMNCGIHGSEMFAEMDLKAIKPYRILIKEVGQRHCIDPALIAAIISRESHGGAVLQNGWDHKGQRFGLMQLDKNMYHPIGSWDSKEHLLQSVGILTERIKAMKRKFPTWNTAQQLKGGLTAFKSGMETIVTPADIDGDLVDDVLARAKFYKRHGF,213,Lysozyme g-like protein 2 (EC 3.2.1.-),UniProtKB/Swiss-Prot,lysozyme_general
P37160,MKAFFALVLLAIAAPALAGRTLDRCSLAREMADLGVPRDQLDKWTCIAQHESDYRTWVVGPANSDGSNDYGIFQINDLYWCQADGRFSYNECGLSCNALLTDDITNSVRCAQKVLSQQGWSAWAVWHYCSGWLPSIDECF,140,"Lysozyme S (EC 3.2.1.17) (1,4-beta-N-acetylmuramidase S)",UniProtKB/Swiss-Prot,lysozyme_general
Q08694,MKAFIVLVALALAAPALGRTMDRCSLAREMSNLGVPRDQLARWACIAEHESSYRTGVVGPENYNGSNDYGIFQINDYYWCAPPSGRFSYNECGLSCNALLTDDITHSVRCAQKVLSQQGWSAWSTWHYCSGWLPSIDDCF,140,"Lysozyme B (EC 3.2.1.17) (1,4-beta-N-acetylmuramidase B)",UniProtKB/Swiss-Prot,lysozyme_general
Q8T1G5,MRIAFFLLILSIIVGLAYGYSCPKPCYGNMCCSTSPDHKYYLTDFCGSTSACGPKPSCSGKLYFTADSQRFGCGKHLNLCRGKKCVKAKVYDAGPAEWVEKDAGKMIIDASPTICHELTGGSSCGWSDKFEITATVTSLTDSRPLGPFNVTEEEMDQLFIDHEIAMAQCEAEKTCNGFDLE,181,"Lysozyme C (EC 3.2.1.17) (1,4-beta-N-acetylmuramidase C)",UniProtKB/Swiss-Prot,lysozyme_general
Q8T1G6,MRISFFLLILAVIIGYAYGYSCPKPCYGNMCCSTSPGNKYYLTDFCGSTSACGPVPSCSGALYFTADSQRFGCGKHLNLCRGSKCVKAQIYDAGPAMWVEQDAGMMIIDASPTICHVLTGGSSCGWSDKFEITATVTSLTDSRPLGPFNVTEEEKAQLFIDHEIAMAQCEAEKTCNGFDLE,181,"Lysozyme B (EC 3.2.1.17) (1,4-beta-N-acetylmuramidase B)",UniProtKB/Swiss-Prot,lysozyme_general
O02119,MFVKLCGILAFAVTYASSDCLQCICKKESECKPVGCNDDVGSLSCGYYQIKLSYYKDCGQPGKRAGESVEAAWRRCSDELDCASTCVQSYYNRYKKQCAGTGQGACEIMARNHNGGPRGCKKSATLGYWNGIKGLGCS,138,"Invertebrate-type lysozyme 6 (EC 3.2.1.17) (1,4-beta-N-acetylmuramidase)",UniProtKB/Swiss-Prot,lysozyme_general
Q6B411,MKALLIVGLLLLSVAVQGKKFQRCELARTLKKLGLDGYRGVSLANWVCLARWESNYNTRATNYNRGDKSTDYGIFQINSRWWCNDGKTPKAVNACRIPCSALLKDDITQAVACAKRVVRDPQGIKAWVAWRNKCQNRDLRSYVQGCRV,148,"Lysozyme C, milk isozyme (EC 3.2.1.17) (1,4-beta-N-acetylmuramidase C)",UniProtKB/Swiss-Prot,lysozyme_general
Q6B410,MKAVLILGLLLLSVTVQGKKFEKCELARTLRRYGLDGYKGVSLANWMCLTYGESRYNTRVTNYNPGSKSTDYGIFQINSKWWCNDGKTPKAVNGCGVSCSAMLKDDITQAVACAKTIVSRQGITAWVAWKNKCRNRDVSSYIRGCKL,147,"Lysozyme C, intestinal isozyme (EC 3.2.1.17) (1,4-beta-N-acetylmuramidase C)",UniProtKB/Swiss-Prot,lysozyme_general
P80189,MKALLILGLLLFSVAVQGKVFERCELARSLKRFGMDNFRGISLANWMCLARWESNYNTQATNYNAGDQSTDYGIFQINSHWWCNDGKTPGAVNACHLPCGALLQDDITQAVACAKRVVSDPQGIRAWVAWRSHCQNQDLTSYIQGCGV,148,"Lysozyme C, non-stomach isozyme (EC 3.2.1.17) (1,4-beta-N-acetylmuramidase C)",UniProtKB/Swiss-Prot,lysozyme_general
Q54BL8,MRFIISLLFVFTLIFNLAFSHIGIDVSSGTNESGFECFKQKKYSRAIIRCYESIGSIDTNCKPSIENAKKAGIETIDVYLFPCYDCGNPENQVTTTSHYLKDYLKDLDFLWLDIEGPGQYWSGSYDNNKKFIQGLLDSAKTAGFKHVGIYTSESQWPGIVGSWDGGKDYPIWYANYDGAENFNDFSPFNGWTKPHMKQYAGNINECGLGIDKNYWE,216,"Probable GH family 25 lysozyme 5 (EC 3.2.1.17) (1,4-beta-N-acetylmuramidase 5)",UniProtKB/Swiss-Prot,lysozyme_general
Q86KC1,MRFIALLISFFALLKVISAISGVDISSASTIESFTCLKSAGYDFAIIRAYESLGQVDPNGPHSVYNARDAGIEYVDVYMFPCPTCGNGAGQAETMVNYLKGYNANYGMVWLDIEGPQYWMSQSENVAFFESLVAGLKAEGAHIGVYTSASQWEPIMGGYTGGSEFPLWYAHYDGNPSFSDFSPFNGWSTPSVKQYDDTGDSCGLGFDLNWYP,212,"Probable GH family 25 lysozyme 2 (EC 3.2.1.17) (1,4-beta-N-acetylmuramidase 2)",UniProtKB/Swiss-Prot,lysozyme_general
Q6L6Q5,MSAVLVLALVLLSLTCVTDAISDACLTCICKQESYGCTQIGCRMDGRSLSCGYFQIKKSYWIDCGRLGSSWEACADDYNCAVRCVRAYMKKYIGKSGCTANCKNYARLHNGGPKGCTKPSTLTYWNAVKNQGCSINS,137,"Lysozyme (EC 3.2.1.17) (1,4-beta-N-acetylmuramidase) (Invertebrate-type lysozyme)",UniProtKB/Swiss-Prot,lysozyme_general
Q6L6Q6,MQRLLGSIVILATVFTFCEATISSACLRCICNVESGCRPIGCHYDVYSYSCGYFQIKENYWEDCGKPGTSFKACANDYTCASNCVRAYMKRYIGSSGCPANCESYARIHNGGPRGCRHPSTLRYWEKVHQQGCNVNS,137,"Lysozyme (EC 3.2.1.17) (1,4-beta-N-acetylmuramidase) (Invertebrate-type lysozyme)",UniProtKB/Swiss-Prot,lysozyme_general
Q54BQ8,MRLFLLLITFIALFGAINAFSGVDISQGSSVGDFQCMLNQGFEFAIIRGYMETGQVDPEVVNSIACAREAGVEYVDTYLFPCFNCGNPQDQGPALVNYLSGYNANYGMVWLDIESSDWSGDQSANVAFFEGLISGLQSVGAHIGVYTSASQWIPIMGGYTGGSEFPLWYANWDGVQSFDDFSAFGGWSTPAIKQYNDGGSNCGVGYDFNWYPN,213,"Probable GH family 25 lysozyme 4 (EC 3.2.1.17) (1,4-beta-N-acetylmuramidase 4)",UniProtKB/Swiss-Prot,lysozyme_general
D9J142,MKFFIVLLAALALFTPAFGKTFTRCSLAKEVYALGVPKSELPQWTCIAEHGSSYRTNVVGPTNSNGSNDYGIFQINNYYWCQPANGRFSYNECKLSCNDLLTDNISNSVKCARKIKSQQGWTAWSTWKYCSGSLPSINDCF,141,Inactive lysozyme 1A,UniProtKB/Swiss-Prot,lysozyme_general
Q7LZR3,QTGCYGVVNRIDTTGASCETAKPEKLNYCGVAASRKIAEGDLQSMDRYKTLIKKVGQKLCVDPAVIAGIISRESHAGKALKDGWGDNGNGFGLMQVDKRSHTPVGKWNGERHLTQGTEILISMIKKIQKKFPRWTKEQQLKGGISAYNAGSGNVRTYERMDIGTTHNDYANDVVARAQYYKQHGY,185,"Lysozyme g (EC 3.2.1.17) (1,4-beta-N-acetylmuramidase) (Goose-type lysozyme)",UniProtKB/Swiss-Prot,lysozyme_general
P00717,RTDCYGNVNRIDTTGASCKTAKPEGLSYCGVPASKTIAERDLKAMDRYKTIIKKVGEKLCVEPAVIAGIISRESHAGKVLKNGWGDRGNGFGLMQVDKRSHKPQGTWNGEVHITQGTTILTDFIKRIQKKFPSWTKDQQLKGGISAYNAGAGNVRSYARMDIGTTHDDYANDVVARAQYYKQHGY,185,"Lysozyme g (EC 3.2.1.17) (1,4-beta-N-acetylmuramidase) (Goose-type lysozyme)",UniProtKB/Swiss-Prot,lysozyme_general
P27042,MLGKNDPMCLVLVLLGLTALLGICQGGTGCYGSVSRIDTTGASCRTAKPEGLSYCGVRASRTIAERDLGSMNKYKVLIKRVGEALCIEPAVIAGIISRESHAGKILKNGWGDRGNGFGLMQVDKRYHKIEGTWNGEAHIRQGTRILIDMVKKIQRKFPRWTRDQQLKGGISAYNAGVGNVRSYERMDIGTLHDDYSNDVVARAQYFKQHGY,211,"Lysozyme g (EC 3.2.1.17) (1,4-beta-N-acetylmuramidase) (Goose-type lysozyme)",UniProtKB/Swiss-Prot,lysozyme_general
P00718,RTDCYGNVNRIDTTGASCKTAKPEGLSYCGVSASKKIAERDLQAMDRYKTIIKKVGEKLCVEPAVIAGIISRESHAGKVLKNGWGDRGNGFGLMQVDKRSHKPQGTWNGEVHITQGTTILINFIKTIQKKFPSWTKDQQLKGGISAYNAGAGNVRSYARMDIGTTHDDYANDVVARAQYYKQHGY,185,"Lysozyme g (EC 3.2.1.17) (1,4-beta-N-acetylmuramidase) (Goose-type lysozyme)",UniProtKB/Swiss-Prot,lysozyme_general
P00719,MHLMLVLLGLAALLGTSQSRTGCYGDVNRVDTTGASCKSAKPEKLNYCGVAASRKIAERDLQSMDRYKALIKKVGQKLCVDPAVIAGIISRESHAGKALRNGWGDNGNGFGLMQVDRRSHKPVGEWNGERHLMQGTEILISMIKAIQKKFPRWTKEQQLKGGISAYNAGPGNVRSYERMDIGTTHDDYANDVVARAQYYKQHGY,204,"Lysozyme g (EC 3.2.1.17) (1,4-beta-N-acetylmuramidase) (Goose-type lysozyme)",UniProtKB/Swiss-Prot,lysozyme_general
D4ANU4,MKLSLLTVAAAAGAAVAAPAAEIDTRAGSVQGFDISGYQPNVDFRAAYNGGARFVMIKATEGTTFKSSTFNSQYTGATNNKFIRGGYHFAHPDTSATAQCDYFLANGGGWSNDGITLPGMIDLEGTSGKPKCYGLSASAMIAWIKAFSDRYNAKTGRYPMIYTSPDWWQSCTGNTKTFGTTIPLVLARWASSPGTPPGGWPYHTFWQNADTYRFGGDSEIFNGGMDQLQRFAKGG,235,"N,O-diacetylmuramidase (EC 3.2.1.17) (Lysozyme CH)",UniProtKB/Swiss-Prot,lysozyme_general
P50718,MQKLRVFLLALAALCISCEAKYFATNCELVHELRRQGFPEDKMRDWVCLIQNESGRNTSKMGTINKNGSRDYGLFQINDKYWCSKTSTPGKDCNVTCAEMLLDDITKASKCAKKIYKRHKFQAWYGWRNHCQGTLPDISKC,141,"Lysozyme (EC 3.2.1.17) (1,4-beta-N-acetylmuramidase)",UniProtKB/Swiss-Prot,lysozyme_general
Q7SID7,KRFTRCGLVNELRKQGFDENLMRDWVCLVENESARYTDKIANVNKNGSRDYGLFQINDKYWCSKGSTPGKDCNVTCSQLLTDDITVASTCAKKIYKRTKFDAWSGWDNHCNHSNPDISSC,120,"Lysozyme (EC 3.2.1.17) (1,4-beta-N-acetylmuramidase)",UniProtKB/Swiss-Prot,lysozyme_general
P50717,MQKLAVFLFAIAAVCIHCEAKYYSTRCDLVRELRKQGFPENQMGDWVCLVENESGRKTDKVGPVNKNGSKDYGLFQINDKYWCSNTRTPGKDCNVTCADLLLDDITKASTCAKKIFKRHNFRAWYGWRNHCDGKTLPDTSNC,142,"Lysozyme (EC 3.2.1.17) (1,4-beta-N-acetylmuramidase)",UniProtKB/Swiss-Prot,lysozyme_general
P37712,KVWERCALARKLKELGMDGYRGVSLANWMCLTKWESDYNTDATNYNPSSESTDYGIFQINSRYWCNNGKTPHAVNGCGINCNVLLEDDITKAVQCAKRVVRDPQGVRAWVAWKNHCEGHDVEQYVEGCDL,130,"Lysozyme C (EC 3.2.1.17) (1,4-beta-N-acetylmuramidase)",UniProtKB/Swiss-Prot,lysozyme_general
G3XDD8,MHLMLVLLGLAALLGTSQSQTGCYGVVNRIDTTGASCETAKPEKLNYCGVAASRMIAERDLRSMDRYKTLIKKVGQKLCVDPAVIAGIISRESHAGKALKNGWGDNGNGFGLMQVDKRSHTPVGEWNGERHLTQGTEILISMIKKIQKKFPRWTKEQQLKGGISAYNAGSGNVRSYERMDIGTTHNDYANDVVARAQYYKQHGY,204,"Lysozyme G (EC 3.2.1.17) (1,4-beta-N-acetylmuramidase)",UniProtKB/Swiss-Prot,lysozyme_general
Q90VZ3,MSYGQIRLVETSGASGATSQQDNLGYSGVKASHKMAEIDSGRMSKYKSKINKVGQSYGIEPALIAAIISRESRAGNQLKDGWGDWNPQRQAYNAWGLMQVDVNPNGGGHTAVGGWDSEDHLRQATGILVTFIERIRTKFPGWSKEKQLKGGIAAYNMGDKNVHSYEGVDENTTGRDYSNDVTARAQWYRDNGYSG,195,"Lysozyme g (EC 3.2.1.17) (1,4-beta-N-acetylmuramidase)",UniProtKB/Swiss-Prot,lysozyme_general
Q7LZT2,KVYGRCELAAAMKRLGLDNYRGYSLGNWVCAAKFESNFNTHATNRNTDGSTDYGILQINSRWWCNDGRTPGSRNLCNIPCSALLSSDITASVNCAKKIVSGGNGMSAWVAWRNRCKGTDVHAWIRGCRL,129,"Lysozyme C (EC 3.2.1.17) (1,4-beta-N-acetylmuramidase)",UniProtKB/Swiss-Prot,lysozyme_general
P49663,GKVYGRCELAAAMKRMGLDNYRGYSLGNWVCAAKFESNFNTGATNRNTDGSTDYGILQINSRWWCNDGRTPGSKNLCHIPCSALLSSDITASVNCAKKIVSDGDGMNAWVAWRKHCKGTDVNVWIRGCRL,130,"Lysozyme C (EC 3.2.1.17) (1,4-beta-N-acetylmuramidase)",UniProtKB/Swiss-Prot,lysozyme_general
Q90X99,MGYGNIMNVETTGASWQTAQQDKLGYSGVRASHTMANTDSGRMERYRSKINSVGAKYGIDPALIAAIISEESRAGNVLHDGWGDYDSNRGAYNAWGLMQVDVNPNGGGHTARGAWDSEEHLSQGAEILVYFIGRIRNKFPGWNTEQQLKGGIAAYNMGDGNVHSYDNVDGRTTGGDYSNDVVARAQWYKTQKGF,194,"Lysozyme g (EC 3.2.1.17) (1,4-beta-N-acetylmuramidase)",UniProtKB/Swiss-Prot,lysozyme_general
Q7LZP9,KVYGRCELAAAMKRLGLDNYRGYSLGNWVCAAKFESNFNTHATNRNTDGSTDYGILQINSRWWCNDGRTPGSRNLCNIPCSALLSSDITASVNCAKKIVSDGNGMNAWVAWRNRCKGTDVHAWIRGCRL,129,"Lysozyme C (EC 3.2.1.17) (1,4-beta-N-acetylmuramidase C)",UniProtKB/Swiss-Prot,lysozyme_general
P84492,KTYERCELARAMKRLGLDGYWGYSLGHWVCAAKYESNFNTGATNYNPGDQSTDYGILQINSRWWCNDGKTPRTKNACKIQCRELLTADITASVNCAKRVVRDPNGMGAWVAWTKNCKGRDVSPWIRDCGL,130,"Lysozyme C (EC 3.2.1.17) (1,4-beta-N-acetylmuramidase C)",UniProtKB/Swiss-Prot,lysozyme_general
Q7LZQ2,KVYERCELAAAMKRLGLDNYRGYSLGNWVCAAKYESNFNTQATNRNTDGSTDYGILEINSRWWCNDGKTPGAKNVCGIPCSVLLRSDITEAVKCAKRIVSDGNGMNAWVAWRNRCKGTDVSRWIRGCRL,129,"Lysozyme C (EC 3.2.1.17) (1,4-beta-N-acetylmuramidase C)",UniProtKB/Swiss-Prot,lysozyme_general
Q9DD65,MRTLVVLLLVAVANARVYERCEWARLLRNQGMDGYRGISLANWVCLTEWESHYNTRATNHNTDGSTDYGIFQINSRWWCNDSQTPTSNACNIRCSELLTDDVIVAIKCAKRVVRDPNGIGAWVAWRQHCQGQDLSSYLAGCGL,143,"Lysozyme C (EC 3.2.1.17) (1,4-beta-N-acetylmuramidase C)",UniProtKB/Swiss-Prot,lysozyme_general
Q659U5,MKALLLLGLLLLSVTVQGKIFERCDLARTLKRLGLAGFKGVSLANWMCLAKWESNYNTKATNYNPGSRSTDYGIFQINSRYWCNDGKTPRAVNACHIPCSDLLKDDITQAVACAKRVVSDPNGIRAWVAWRAHCENQDVSQYVRNCGV,148,"Lysozyme C (EC 3.2.1.17) (1,4-beta-N-acetylmuramidase C)",UniProtKB/Swiss-Prot,lysozyme_general
Q7LZI3,KVYGRCELAAAMKRLGLDNYRGYSLGNWVCAAKFESNFNTHATNRNTDGSTDYGILQINSRWWCNDGRTPGSRNLCNIPCSALLSSDITASVNCAKKIVSGGSGMNAWVAWRNRCKGTDVQAWIRGCRL,129,"Lysozyme C (EC 3.2.1.17) (1,4-beta-N-acetylmuramidase C)",UniProtKB/Swiss-Prot,lysozyme_general
Q9PU28,MRCLLLLLLVPVPGAKVFERCEWARLLKRNGMSNYRGISLADWVCLSQWESSYNTRATNRNTDGSTDYGIFQINSRWWCDNGQTPTSNACGISCSALLTDDVGAAIICAKHVVRDPNGIGAWVAWKRHCQGQDLSSYVAGCGV,143,"Lysozyme C (EC 3.2.1.17) (1,4-beta-N-acetylmuramidase C)",UniProtKB/Swiss-Prot,lysozyme_general
D9J143,MKFINFFVIALMAYANCAWAKTFTRCSLARAMYALGVPKSELARWTCIAKYESHYRTHVVGPANTDGSHDYGIFQINDRYWCKPSNGRSSHNGCNVYCDDLLEDDISESVYCAQHVKSKQGWSAWTTWAKCNGNLPSIDECF,142,"Lysozyme 1B (EC 3.2.1.17) (1,4-beta-N-acetylmuramidase C)",UniProtKB/Swiss-Prot,lysozyme_general
Q17005,MKVFSTVLLAIVACCAVAEAKTFGKCELAKALANNGIAKASLPDWVCLVQNESAFSTSATNKNKNGSTDYGIFQINNKYWCDSGYGSNDCKIACKNLLNDDITDDIKCAKLIHKRHGFNAWYGWKNHCNGKKLPNVSSCF,140,"Lysozyme c-1 (EC 3.2.1.17) (1,4-beta-N-acetylmuramidase)",UniProtKB/Swiss-Prot,lysozyme_general
Q7LZQ3,KIYTRCELAAAMKRYGLDNYQGYSLGNWVCAARYESNYNTQATNRNSDGSTDYGILQINSRWWCNDGKTPGTRNLCHISCSALMGADIAPSVRCAKKIVSDGNGMNAWVAWRKHCKGTDVSKWIKDCKL,129,"Lysozyme C (EC 3.2.1.17) (1,4-beta-N-acetylmuramidase C)",UniProtKB/Swiss-Prot,lysozyme_general
Q7YT16,MKFFIVLVAALALAAPAMGKTFTRCSLAREMYALGVPKSELPQWTCIAEHESSYRTNVVGPTNSNGSNDYGIFQINNYYWCQPSNGRFSYNECHLSCDALLTDNISNSVTCARKIKSQQGWTAWSTWKYCSGSLPSINDCF,141,"Lysozyme 1 (EC 3.2.1.17) (1,4-beta-N-acetylmuramidase 1)",UniProtKB/Swiss-Prot,lysozyme_general
C0HLB7,MLKLTLTILAAVLLVTPAFGKVYTRCSLAREMHTLGVPKNQLARWTCIAEHESAYNTKAVGSMNSNGSRDYGIFQINNYYWCSPPSGAFSYNECKIKCADFLVDSIEPAVKCAQLVLRQQGWSAWSTWKYCDHTLPSIDDCF,142,"Lysozyme 2 (EC 3.2.1.17) (1,4-beta-N-acetylmuramidase C)",UniProtKB/Swiss-Prot,lysozyme_general
P61944,MKIPVFLLLLALANAKVFQRCEWARVLKARGMDGYRGISLADWVCLSKWESQYNTNAINHNTDGSTDYGIFQINSRWWCNDDRIPTRNACNIKCSALQTDDVTVAINCAKRVVSDPQGIRAWVAWNRHCQNRDLSAYIAGCGL,143,"Lysozyme C (EC 3.2.1.17) (1,4-beta-N-acetylmuramidase C)",UniProtKB/Swiss-Prot,lysozyme_general
Q659U0,MKAPLLLGLLLLSVTVQGKVFERCDLARTLKRLGLAGFKGVSLANWMCLAKWESDYNTKATNYNPGSRSTDYGIFQINSRYWCNDGKTPRAVNSCHIPCSDLLKDDITQAVACAKRVVSDPNGIRAWVAWRAHCENQDVSQYVRNCGV,148,"Lysozyme C (EC 3.2.1.17) (1,4-beta-N-acetylmuramidase C)",UniProtKB/Swiss-Prot,lysozyme_general
P81711,KVYGRCELAAAMKRLGLDNFRGYSLGNWVCAAKFESNFNTHATNRNTDGSTDYGILQINSRWWCNDGRTPGSRNLCNIPCSALLSSDTIASVNCAKKIVSDGNGMNAWVAWRKRCKGTDVNAWTRGCRL,129,"Lysozyme C (EC 3.2.1.17) (1,4-beta-N-acetylmuramidase C) (CPL)",UniProtKB/Swiss-Prot,lysozyme_general
P37714,KVFERCELARTLKELGLDGYKGVSLANWLCLTKWESSYNTKATNYNPGSESTDYGIFQINSKFWCNDGKTPNAVDGCHVSCSELMENNIAKAVACAKQIVSEQGITAWVAWKSHCRDHDVSSYVEGCTL,129,"Lysozyme C-2 (EC 3.2.1.17) (1,4-beta-N-acetylmuramidase C-2)",UniProtKB/Swiss-Prot,lysozyme_general
P81709,KIFERCELARTLKNLGLAGYKGVSLANWVCLAKWESNYNTRATNYNPGSKSTDYGIFQINSRYWCNDGKTPRAVNACHISCSALLQDDITQAVACAKRVVSDPNGIRAWVAWRAHCENRDVSQYVRNCGV,130,"Lysozyme C, spleen isozyme (EC 3.2.1.17) (1,4-beta-N-acetylmuramidase C)",UniProtKB/Swiss-Prot,lysozyme_general
P81708,KIFSKCELARKLKSMGMDGFHGYSLANWVCMAEYESNFNTQAFNGRNSNGSSDYGIFQLNSKWWCKSNSHSSANACNIMCSKFLDDNIDDDIACAKRVVKDPNGMSAWVAWVKHCKGKDLSKYLASCNL,129,"Lysozyme C, milk isozyme (EC 3.2.1.17) (1,4-beta-N-acetylmuramidase C)",UniProtKB/Swiss-Prot,lysozyme_general
P37713,KVFERCELARTLKKLGLDDYKGVSLANWLCLTKWESGYNTKATNYNPGSESTDYGIFQINSKFWCNDGKTPDAVDGCHVSCSELMENDIEKAVACAKHIVSEQGITAWVAWKSHCRDHDVSSYVEGCTL,129,"Lysozyme C-1 (EC 3.2.1.17) (1,4-beta-N-acetylmuramidase C-1)",UniProtKB/Swiss-Prot,lysozyme_general
Q9D7Q0,MSPLWLLLGLLALTGSSESSSWGCYGNIRTLDTPGASCRIGRRYGLTYCGVRASERLAEVDRPYLLRHQPTMRLVGQKYCMDPAVIAGVLSRESPGGNYVVDLGNIGSGLGMVKETKFYPPTAWKSETWVSQKTQTLTSSIKEIKTRFPTWTADQHLRGGLCAYSKGPNFVRSNQDLNCDFCNDVLARAKYFKDHGF,197,Lysozyme g-like protein 1 (EC 3.2.1.-),UniProtKB/Swiss-Prot,lysozyme_general
Q556F2,MVSSIKDMLKYDEGEKLEMYKDTEGYYTIGIGHLITRIKERNAAILSLEEKIGHKVKMDSKNEPIITSSESEALFEKDLSVATKSIESNPTLSTIYKNLDNIRKMAIINMVFQMGVNNVLTFKMSLKLIEEKKWAEAAKEMKNSTWNHQTPNRSNRVISVIETGTLNAYK,170,Probable T4-type lysozyme 1 (EC 3.2.1.17) (Muramidase),UniProtKB/Swiss-Prot,lysozyme_general
Q54F36,MFKTLSKSIGFLVAIIALVKGDTYTCSQMQSLAEGYFRGPTLTTMLCISYYESTYNTQAINPTSKAAGLFQILPEHCGELCKTCTTPSDLLNPTINTECAKSILNSQGFKAWTTYASGDCKNWNKCVAPSASTHAASTHGSTGPSTHGSTTHGSTTSTTYTSGASSGLFDFKANNGGGQDMVKYF,185,Lysozyme C-like protein DDB_G0291137,UniProtKB/Swiss-Prot,lysozyme_general
Q54JC9,MKVSNLISTITIASALCLSLTNALVFSPCDKIQSLVKEYFDETIVDEMMCIAYNEAINPKSDSIGLWNLKKEHCNTVCKSICNSEIDLADIKLNTQCAEMVYLEFGFNGWDSYNNGLCKDSWGFCNTQNELRQHGSHSSTSRDSSSSSSRDSTGTGYSSSGSGTSGSGSNSGQTGHFIPGQSGHGLN,187,Lysozyme C-like protein DDB_G0288143,UniProtKB/Swiss-Prot,lysozyme_general
Q86AA1,MVSSLKDMLKYDEGEKLEMYKDTEGNYTIGIGHLITKNKDKNEAIKILEGEIGHTVKLNSKKEPEISSSESESLFEKDKSVAINSIENSSTLSTIYNNLDSNRKMALANMVFQMGASNVSKFKKSLKLIEEKKWAEAAIELKNSTWNTQTPKRSNRVISVFETGTLKEYK,170,Probable T4-type lysozyme 2 (EC 3.2.1.17) (Muramidase),UniProtKB/Swiss-Prot,lysozyme_general
P10773,ISPLGSVTKKNQDSTAYNWTGNKTANGNWPVLGICAVHRKKDIGGSGNSPVIPFGTTLKTDKDIWLPDGVGYKSSFNVDDTGSGPKKTDYWIDIYYSKDTKAAINYGVVKLSYTYST,117,B-enzyme (Lysozyme) (EC 3.2.1.17),UniProtKB/Swiss-Prot,lysozyme_general
P82174,KTFTRCELVQALRRQGFDEAKLRDWVCLVENESRGRTDIVGKPNKNGSRDYGLFQINDKYWCSNTSKAGKDCNITCSQLLTDDITVASKCAKKVYKRHNFMAWYGWRNHCQNKPLPDISKC,121,"Lysozyme (EC 3.2.1.17) (1,4-beta-N-acetylmuramidase)",UniProtKB/Swiss-Prot,lysozyme_general
P61133,MPYGKIEDIKTSGASDVTAAQDGLKEGGWKSSHRMAEIDSNRMENYRTIINEAGRQCDVDPAVIAGIISRESRAGNQLINGWGDHGKAFGLMQIDVTPPPNGGGHTPVGTWDSLEHLIQATEILVEFIERIKTKFPRWNADQHLKGALAAYNKGEKNVESYASVDAKTTGKDYSNDVVARAQWYKSNMGF,190,"Lysozyme g (EC 3.2.1.17) (1,4-beta-N-acetylmuramidase)",UniProtKB/Swiss-Prot,lysozyme_general
Q8JFR1,MAYIYGDTMKIDTTGASEATAKQDKLTIKGVEAPKKLAEHDLARGEKYKNMITKVGKAKKMDPAVIAAMISRESRAGAVLKNGWEPAGNGFGLMQVDKRSHTPVGAWDSEQHVTQATEILIGFIKEIKVNFPKWTQEQCFKGGIAAYNKGVSRVTSYENIDVKTTGLDYSSDVVARAQWFRSKGY,185,"Lysozyme g (EC 3.2.1.17) (1,4-beta-N-acetylmuramidase)",UniProtKB/Swiss-Prot,lysozyme_general
