source_index,source_sequence,sequence,mask_strategy,mode,edited_sites,edited_site_count,hamming_distance,percent_identity_to_source,sol,source_sol,delta_sol,therm,source_therm,delta_therm,representation_l2,representation_cosine,mutation_count,mutation_fraction,mutation_run_count,mutation_run_mean_length,mutation_run_max_length,mutation_span_fraction,mutation_position_entropy,input_score
0,SSPQVVGTGFPAEVESWRTWVTERCKANNDASSGIDLNDYVNAILATIQQESGGISSSSGGDLMQCKESGLWD,MRKDEGPQRRPAAASRQPISSLTISAEGKILVRVSDQTTSQSSLLKGRQKISPDVEGTESIDNSTRNLVEKSI,random,naive_steering,"[0, 1, 2, 3, 4, 5, 6, 7, 8, 9, 10, 11, 12, 13, 14, 15, 16, 17, 18, 19, 20, 21, 22, 23, 24, 25, 26, 27, 28, 29, 30, 31, 32, 33, 34, 35, 36, 37, 38, 39, 40, 41, 42, 43, 44, 45, 46, 47, 48, 49, 50, 51, 52, 53, 54, 55, 56, 57, 58, 59, 60, 61, 62, 63, 64, 65, 66, 67, 68, 69, 70, 71, 72]",73,66,0.09589041095890416,0.1069513,0.10811913,-0.0011678338,56.545216,32.93349,23.611725,5.0574408,0.86984855,66.0,0.9041095890410958,7.0,9.428571428571429,23.0,1.0,0.9937567416286561,32.93349
1,LLKKPSGKGTVLSDFANGFFGKMKSSATNWWKSLWGMVNLDGGSGGDATGLLAAVEKYGRGKRYVWGAAGPNTFDCSGLVMYALKHAFGIDYPHFSGAQYGKTKHISRSNAKPGDLVFWGPGKHVGVFAGGNKYWSAFAPNGHPDIGMHSISGSVPGYSPLFAEVKGLTRKTVSKGKKTATNSIQSLIKKQVGSGFFKFMSKLADKFGDNGDMGSVGLAGDESQRAREIAKALKQAYPSATDAGIAGILGNWMQESRLSPSAIDSADHGTGLG,LEKSYNVKSSTAIVQALKKINLMKKGLQSTLASFGKKKGALGSGGDSASAVKKFAGNRYAGGHGQSGANGPNSYDCSGLAGWVYKKYYGMSLPHWSVQQYQQVARVSQSNKKAGDLIFFDNRTHVGIYLGGGKMMNATGGNNQNGVKVTSWNAYKSGGTFFVGRPSKNGSKLPASLANTGWTGLSASAGRKLGSLSTSWLESGTASSGGSGDTGDSDGSGNLASTRRAIYARIKAKLPSLTDNGLASILGNMKQESGFDSTAKDHQGGNGGSD,random,naive_steering,"[0, 1, 2, 3, 4, 5, 6, 7, 8, 9, 10, 11, 12, 13, 14, 15, 16, 17, 18, 19, 20, 21, 22, 23, 24, 25, 26, 27, 28, 29, 30, 31, 32, 33, 34, 35, 36, 37, 38, 39, 40, 41, 42, 43, 44, 45, 46, 47, 48, 49, 50, 51, 52, 53, 54, 55, 56, 57, 58, 59, 60, 61, 62, 63, 64, 65, 66, 67, 68, 69, 70, 71, 72, 73, 74, 75, 76, 77, 78, 79, 80, 81, 82, 83, 84, 85, 86, 87, 88, 89, 90, 91, 92, 93, 94, 95, 96, 97, 98, 99, 100, 101, 102, 103, 104, 105, 106, 107, 108, 109, 110, 111, 112, 113, 114, 115, 116, 117, 118, 119, 120, 121, 122, 123, 124, 125, 126, 127, 128, 129, 130, 131, 132, 133, 134, 135, 136, 137, 138, 139, 140, 141, 142, 143, 144, 145, 146, 147, 148, 149, 150, 151, 152, 153, 154, 155, 156, 157, 158, 159, 160, 161, 162, 163, 164, 165, 166, 167, 168, 169, 170, 171, 172, 173, 174, 175, 176, 177, 178, 179, 180, 181, 182, 183, 184, 185, 186, 187, 188, 189, 190, 191, 192, 193, 194, 195, 196, 197, 198, 199, 200, 201, 202, 203, 204, 205, 206, 207, 208, 209, 210, 211, 212, 213, 214, 215, 216, 217, 218, 219, 220, 221, 222, 223, 224, 225, 226, 227, 228, 229, 230, 231, 232, 233, 234, 235, 236, 237, 238, 239, 240, 241, 242, 243, 244, 245, 246, 247, 248, 249, 250, 251, 252, 253, 254, 255, 256, 257, 258, 259, 260, 261, 262, 263, 264, 265, 266, 267, 268, 269, 270, 271, 272]",273,199,0.2710622710622711,0.08254583,0.0029607082,0.07958512,38.666916,34.58309,4.083824,1.17756,0.98887247,199.0,0.7289377289377289,49.0,4.061224489795919,13.0,0.9963369963369964,0.9937880268154118,34.58309
2,MSQIAKMLRVDEGFKSVPYRDTEGYPTIGIGQRIGPKNALMTNYTLTISQPVADLWMQDIALDYMNKIQSDSRISAALTKCNDARRDALLDMAYQLGVSGLSGFRNTLVLISNGDFAKASAEMLNSLWARQTPQRAKRLSETIRLGDYSAYEKMW,MTDFLAALKRDEGYRPKIYKDSAGIWTLGYGFKAHAAPGLPFAPALPIPKQEAERWLTLYAPEFERRVARDARIAKALDRCTDTQRSVLINMAFQMGETRLARFRKMLEAMERGEWETAAEENLDSKWYQQTPERCRRLAEKMRTGQPGGCAELR,random,naive_steering,"[0, 1, 2, 3, 4, 5, 6, 7, 8, 9, 10, 11, 12, 13, 14, 15, 16, 17, 18, 19, 20, 21, 22, 23, 24, 25, 26, 27, 28, 29, 30, 31, 32, 33, 34, 35, 36, 37, 38, 39, 40, 41, 42, 43, 44, 45, 46, 47, 48, 49, 50, 51, 52, 53, 54, 55, 56, 57, 58, 59, 60, 61, 62, 63, 64, 65, 66, 67, 68, 69, 70, 71, 72, 73, 74, 75, 76, 77, 78, 79, 80, 81, 82, 83, 84, 85, 86, 87, 88, 89, 90, 91, 92, 93, 94, 95, 96, 97, 98, 99, 100, 101, 102, 103, 104, 105, 106, 107, 108, 109, 110, 111, 112, 113, 114, 115, 116, 117, 118, 119, 120, 121, 122, 123, 124, 125, 126, 127, 128, 129, 130, 131, 132, 133, 134, 135, 136, 137, 138, 139, 140, 141, 142, 143, 144, 145, 146, 147, 148, 149, 150, 151, 152, 153, 154]",155,106,0.31612903225806455,0.6601273,0.75817096,-0.09804368,46.70404,34.753,11.951042,1.3430116,0.9828269,106.0,0.6838709677419355,40.0,2.65,9.0,0.9935483870967742,0.9920660192530842,34.753002
3,MADGNPQGIDVSHFQGDVDWNKVAAGGQSFVSIKATQGQSGYSAASYYTNNIERAREADLISGGYHFFTGGDDGKAQADYFLSVAKPKPGDLLPMLDLEETNGASASVIVEEALAWLSAVEKAVGKKPFLYTTASFFAGIGNPSGFEDYPLWVANYGVSKPHMPQGWKIYTIWQHSQSGSCSGVSGNVDMDSFNGPRSTLDVFRV,MNTSIIRGLDVSHYQGAIDWNKVAKSDMAFVFVKATEGGDPSVDSGNYVSNAEAARAAGLKVGAYHFLQTSSSGKSQADHFARIVKGRKFDYPLVLDFEDSAGQSPKVMNDNLRAWLKEVEAATGVKPMIYSYAYFWQSYVDTDELKDYPLWVANYSGDTPNVPAPWHDFKIWQHSGTGRVPGITGNVDTNRFDGTREEFDKLVK,random,naive_steering,"[0, 1, 2, 3, 4, 5, 6, 7, 8, 9, 10, 11, 12, 13, 14, 15, 16, 17, 18, 19, 20, 21, 22, 23, 24, 25, 26, 27, 28, 29, 30, 31, 32, 33, 34, 35, 36, 37, 38, 39, 40, 41, 42, 43, 44, 45, 46, 47, 48, 49, 50, 51, 52, 53, 54, 55, 56, 57, 58, 59, 60, 61, 62, 63, 64, 65, 66, 67, 68, 69, 70, 71, 72, 73, 74, 75, 76, 77, 78, 79, 80, 81, 82, 83, 84, 85, 86, 87, 88, 89, 90, 91, 92, 93, 94, 95, 96, 97, 98, 99, 100, 101, 102, 103, 104, 105, 106, 107, 108, 109, 110, 111, 112, 113, 114, 115, 116, 117, 118, 119, 120, 121, 122, 123, 124, 125, 126, 127, 128, 129, 130, 131, 132, 133, 134, 135, 136, 137, 138, 139, 140, 141, 142, 143, 144, 145, 146, 147, 148, 149, 150, 151, 152, 153, 154, 155, 156, 157, 158, 159, 160, 161, 162, 163, 164, 165, 166, 167, 168, 169, 170, 171, 172, 173, 174, 175, 176, 177, 178, 179, 180, 181, 182, 183, 184, 185, 186, 187, 188, 189, 190, 191, 192, 193, 194, 195, 196, 197, 198, 199, 200, 201, 202, 203, 204]",205,121,0.40975609756097564,0.9988098,0.9767224,0.022087395,39.954216,35.682224,4.2719917,0.9640197,0.99055064,121.0,0.5902439024390244,46.0,2.630434782608696,11.0,0.9951219512195122,0.99543093307101,35.682224
4,MKMMFFKLSSIALVLVSGCVFSFFLGFLRLNYPSLKTYPVQGIDVSHHQGEINWSSIPKEKVKFVYIKATEGGDWRDPMFTQNWTGAKNSGFEVGAYHFFTLCRDGITQAKNFMNLVDTSNGMLPPVIDLEYVGNCAARPSREEFLLQLSDFVQEWQTFYMRKPVFYTTKEFYHDYLEGTDFVSYSLWIRDIFAKPDVKDYPSMVLWQYADNARIDGIKGPVDLNVAISGTIK,MPRSVKLIAAGFILFVVAVILLYALGIWKRWQPSPKDYPVRGIDISHHQGEIDWKNVSKQGISFAYIKATEGADFKDRRFAENWKKAQQAGISVGAYHFFTLCRPVIEQANLFVNAMSGTGATLPPAVDLEFGGDCEKRPPDNTLLAELQRLLKALRDSTHKVPIVYITPGFYHDYFNTKEIAKLPFWLSDGFIKPEPKAFPKWTIWQYSGRGLVDGVSGPTDLNVMISPQTQ,random,naive_steering,"[0, 1, 2, 3, 4, 5, 6, 7, 8, 9, 10, 11, 12, 13, 14, 15, 16, 17, 18, 19, 20, 21, 22, 23, 24, 25, 26, 27, 28, 29, 30, 31, 32, 33, 34, 35, 36, 37, 38, 39, 40, 41, 42, 43, 44, 45, 46, 47, 48, 49, 50, 51, 52, 53, 54, 55, 56, 57, 58, 59, 60, 61, 62, 63, 64, 65, 66, 67, 68, 69, 70, 71, 72, 73, 74, 75, 76, 77, 78, 79, 80, 81, 82, 83, 84, 85, 86, 87, 88, 89, 90, 91, 92, 93, 94, 95, 96, 97, 98, 99, 100, 101, 102, 103, 104, 105, 106, 107, 108, 109, 110, 111, 112, 113, 114, 115, 116, 117, 118, 119, 120, 121, 122, 123, 124, 125, 126, 127, 128, 129, 130, 131, 132, 133, 134, 135, 136, 137, 138, 139, 140, 141, 142, 143, 144, 145, 146, 147, 148, 149, 150, 151, 152, 153, 154, 155, 156, 157, 158, 159, 160, 161, 162, 163, 164, 165, 166, 167, 168, 169, 170, 171, 172, 173, 174, 175, 176, 177, 178, 179, 180, 181, 182, 183, 184, 185, 186, 187, 188, 189, 190, 191, 192, 193, 194, 195, 196, 197, 198, 199, 200, 201, 202, 203, 204, 205, 206, 207, 208, 209, 210, 211, 212, 213, 214, 215, 216, 217, 218, 219, 220, 221, 222, 223, 224, 225, 226, 227, 228, 229, 230, 231, 232]",233,140,0.3991416309012875,0.002802279,0.051554993,-0.048752714,43.32853,35.748875,7.5796547,1.0425645,0.99020076,140.0,0.6008583690987125,45.0,3.111111111111111,14.0,0.9957081545064378,0.9784451755931611,35.748875
5,MNRATLLDSLEHHEGFSSHPYRDSLRLWTFGIGRCLQTNPLKPEEFAYLLDNSHLTLGITEVGAQWLMERQVDAIVKALVGELSFWPGLADTAQNVLIEMAYQMGEKKLFGFNKMMSCLSRYDYVAAAVEGLDSTWAKQTPKRAQELMGRLSKA,MNYKLLMQLIQKEEGYIEKPYMDTKGNVTIGVGMNMEGEPVKSSNFRVAIDRGKIKSPVSRDYALRLFEQNVNRAYTLVVKEYPHLENMPPTTQQILMDMVFNLGTGRLTEFKKLILYIKAGDYQKAHFEISNSKWAKQVPKRYASLKRALAES,random,naive_steering,"[0, 1, 2, 3, 4, 5, 6, 7, 8, 9, 10, 11, 12, 13, 14, 15, 16, 17, 18, 19, 20, 21, 22, 23, 24, 25, 26, 27, 28, 29, 30, 31, 32, 33, 34, 35, 36, 37, 38, 39, 40, 41, 42, 43, 44, 45, 46, 47, 48, 49, 50, 51, 52, 53, 54, 55, 56, 57, 58, 59, 60, 61, 62, 63, 64, 65, 66, 67, 68, 69, 70, 71, 72, 73, 74, 75, 76, 77, 78, 79, 80, 81, 82, 83, 84, 85, 86, 87, 88, 89, 90, 91, 92, 93, 94, 95, 96, 97, 98, 99, 100, 101, 102, 103, 104, 105, 106, 107, 108, 109, 110, 111, 112, 113, 114, 115, 116, 117, 118, 119, 120, 121, 122, 123, 124, 125, 126, 127, 128, 129, 130, 131, 132, 133, 134, 135, 136, 137, 138, 139, 140, 141, 142, 143, 144, 145, 146, 147, 148, 149, 150, 151, 152, 153]",154,111,0.27922077922077926,0.50819,0.58089846,-0.07270849,40.207756,36.169067,4.0386887,1.104385,0.9898728,111.0,0.7207792207792207,34.0,3.264705882352941,12.0,0.987012987012987,0.9949831874904801,36.169067
6,MGLIGKTTPEKIWNFLKSKGLSSCGAAGLMGNLYAESGLNPQNLQNSYEKKLGHTDASYTAAVDNGSYGNFARDGAGYGLAQWTYHTRKAALLEYAKAAGKSIGDLETQMGFLMKELTEATKPHCQY,MEKSAEGNQAALYKYLIAKGYSKAAVAAILANWAGESKIKPSLLQGTSTEAKGFKEDGWTEANDNKDIADTANDDDGFGMAQFTDGKRRLLAQQKAGSKSKSIYDMATQLSMVNDQMKEDGKGGWYA,random,naive_steering,"[0, 1, 2, 3, 4, 5, 6, 7, 8, 9, 10, 11, 12, 13, 14, 15, 16, 17, 18, 19, 20, 21, 22, 23, 24, 25, 26, 27, 28, 29, 30, 31, 32, 33, 34, 35, 36, 37, 38, 39, 40, 41, 42, 43, 44, 45, 46, 47, 48, 49, 50, 51, 52, 53, 54, 55, 56, 57, 58, 59, 60, 61, 62, 63, 64, 65, 66, 67, 68, 69, 70, 71, 72, 73, 74, 75, 76, 77, 78, 79, 80, 81, 82, 83, 84, 85, 86, 87, 88, 89, 90, 91, 92, 93, 94, 95, 96, 97, 98, 99, 100, 101, 102, 103, 104, 105, 106, 107, 108, 109, 110, 111, 112, 113, 114, 115, 116, 117, 118, 119, 120, 121, 122, 123, 124, 125, 126]",127,93,0.26771653543307083,0.05716575,0.1634556,-0.106289856,34.610535,36.251347,-1.6408119,2.0349298,0.97025657,93.0,0.7322834645669292,26.0,3.576923076923077,14.0,0.9921259842519685,0.9949865150470036,36.25135
7,MAATLTTIDISEYQIDSKMDWPGLIAAGVTSVIIRLSHGHTQDKEAAAHIASAKKYNLPWHGYHFYEGSSGEVEYSASMATQLGLPSTSYLFLDFEDSDIGGDWSAQFYDFRNSWLAKGWKVGLYTGDYNYTHKGFDDDELTADGVYRWIASYSYEPANYDAWQYTSTGGLGSYTSNLDHDYDRTGKLSYVAPAVTTDPFEPPAPIAGSMVGIGFDSSPVGGDRSYGYTTDGKNFYAAITPWGFIFRQRDADRMWSLLKPKIG,MSSFKKIIDISEHQKADDAFFSQLAADGYEAVVVRASYGSELDPTALDHISSAEAAGLAVGGYHWLVTSESEASNALTTATSMGFDSNTPIFVDVESGNIYSDFTQTVIDLINKLTAAGFKTGIYASATEWYKNKILLEQLDKNNVAVWYANFGSESDKTDLWQYTDTGLSSLGKITVDLNAVTGGKDELWNTINLKPAVKENVIDPTLSTIDSEGKQKISDGKSVGIIVYRSEDTSVLSQPQFVISYFLRNSFVDLYVLRNT,random,naive_steering,"[0, 1, 2, 3, 4, 5, 6, 7, 8, 9, 10, 11, 12, 13, 14, 15, 16, 17, 18, 19, 20, 21, 22, 23, 24, 25, 26, 27, 28, 29, 30, 31, 32, 33, 34, 35, 36, 37, 38, 39, 40, 41, 42, 43, 44, 45, 46, 47, 48, 49, 50, 51, 52, 53, 54, 55, 56, 57, 58, 59, 60, 61, 62, 63, 64, 65, 66, 67, 68, 69, 70, 71, 72, 73, 74, 75, 76, 77, 78, 79, 80, 81, 82, 83, 84, 85, 86, 87, 88, 89, 90, 91, 92, 93, 94, 95, 96, 97, 98, 99, 100, 101, 102, 103, 104, 105, 106, 107, 108, 109, 110, 111, 112, 113, 114, 115, 116, 117, 118, 119, 120, 121, 122, 123, 124, 125, 126, 127, 128, 129, 130, 131, 132, 133, 134, 135, 136, 137, 138, 139, 140, 141, 142, 143, 144, 145, 146, 147, 148, 149, 150, 151, 152, 153, 154, 155, 156, 157, 158, 159, 160, 161, 162, 163, 164, 165, 166, 167, 168, 169, 170, 171, 172, 173, 174, 175, 176, 177, 178, 179, 180, 181, 182, 183, 184, 185, 186, 187, 188, 189, 190, 191, 192, 193, 194, 195, 196, 197, 198, 199, 200, 201, 202, 203, 204, 205, 206, 207, 208, 209, 210, 211, 212, 213, 214, 215, 216, 217, 218, 219, 220, 221, 222, 223, 224, 225, 226, 227, 228, 229, 230, 231, 232, 233, 234, 235, 236, 237, 238, 239, 240, 241, 242, 243, 244, 245, 246, 247, 248, 249, 250, 251, 252, 253, 254, 255, 256, 257, 258, 259, 260, 261, 262]",263,202,0.23193916349809884,0.22276267,0.022568027,0.20019464,41.01827,36.40291,4.6153603,1.196198,0.98854643,202.0,0.7680608365019012,47.0,4.297872340425532,37.0,0.9961977186311787,0.9944718255782335,36.402916
8,MGSDPGIDPTDGADPSSDSSGGFDIASIFGGAFGGGGNMQLSDAGLQAIADREGFSATPYWDHKGYSIGYGHLMTLGENYTSVTQDQARALLLQDAAIAVRAVNSSVSVSLTQNQFDALVSFAYNVGVGAFKSSTLVKLLNQGDYADVGAQLARWNQASGAVSAALVARRQSEAQQFYA,MPSPSDLDPDPSTSPNPTGGGGGGAGSGGAGGSGSPSGLRVSDGCLRFVVDFEHLVSQAYTDYPNLSIGYGHRLKPGQRLGTVSEDRAIQYLKEDLGAAEKAVASLVKTDLTQGQFDALVSFTFNVGAGAFKKSSLRTRLNAGRIGGAAGQLVRWNRSGARWEAGLIRRRKAESSLLKG,random,naive_steering,"[0, 1, 2, 3, 4, 5, 6, 7, 8, 9, 10, 11, 12, 13, 14, 15, 16, 17, 18, 19, 20, 21, 22, 23, 24, 25, 26, 27, 28, 29, 30, 31, 32, 33, 34, 35, 36, 37, 38, 39, 40, 41, 42, 43, 44, 45, 46, 47, 48, 49, 50, 51, 52, 53, 54, 55, 56, 57, 58, 59, 60, 61, 62, 63, 64, 65, 66, 67, 68, 69, 70, 71, 72, 73, 74, 75, 76, 77, 78, 79, 80, 81, 82, 83, 84, 85, 86, 87, 88, 89, 90, 91, 92, 93, 94, 95, 96, 97, 98, 99, 100, 101, 102, 103, 104, 105, 106, 107, 108, 109, 110, 111, 112, 113, 114, 115, 116, 117, 118, 119, 120, 121, 122, 123, 124, 125, 126, 127, 128, 129, 130, 131, 132, 133, 134, 135, 136, 137, 138, 139, 140, 141, 142, 143, 144, 145, 146, 147, 148, 149, 150, 151, 152, 153, 154, 155, 156, 157, 158, 159, 160, 161, 162, 163, 164, 165, 166, 167, 168, 169, 170, 171, 172, 173, 174, 175, 176, 177, 178]",179,112,0.3743016759776536,0.85122615,0.7675397,0.08368647,40.23917,36.797836,3.4413338,1.524919,0.97864634,112.0,0.6256983240223464,39.0,2.871794871794872,7.0,0.994413407821229,0.9873653905355798,36.797836
9,MKILIAGLFFLSFTSYAQSHLSTWGTTCDDEGFSIQLSKIPSPFIVNDNQIIISIHSKEISANQVAVYFDKPLDLGTGGMNLAWDSFSTTKSVAEMTIKGSSGLFRWHGFFDKSKKKYVWVDGPDFVQDHTKNGLIKLKRCD,MKIIIALLFFFGALACVRDDTPTFNLLTERREAYAPNADAPLVNARQGGLRPANESGKRRSRDINPQKQGDERRSLLISPSTIVAVAADRTIPKESTLFPPAPSPSDASSFDDQTTVIRPTAARSGRPIPQGGPGDVRIGGR,random,naive_steering,"[0, 1, 2, 3, 4, 5, 6, 7, 8, 9, 10, 11, 12, 13, 14, 15, 16, 17, 18, 19, 20, 21, 22, 23, 24, 25, 26, 27, 28, 29, 30, 31, 32, 33, 34, 35, 36, 37, 38, 39, 40, 41, 42, 43, 44, 45, 46, 47, 48, 49, 50, 51, 52, 53, 54, 55, 56, 57, 58, 59, 60, 61, 62, 63, 64, 65, 66, 67, 68, 69, 70, 71, 72, 73, 74, 75, 76, 77, 78, 79, 80, 81, 82, 83, 84, 85, 86, 87, 88, 89, 90, 91, 92, 93, 94, 95, 96, 97, 98, 99, 100, 101, 102, 103, 104, 105, 106, 107, 108, 109, 110, 111, 112, 113, 114, 115, 116, 117, 118, 119, 120, 121, 122, 123, 124, 125, 126, 127, 128, 129, 130, 131, 132, 133, 134, 135, 136, 137, 138, 139, 140, 141]",142,126,0.11267605633802813,0.017378034,0.021596443,-0.004218409,53.035095,36.824482,16.210613,3.1680427,0.9470613,126.0,0.8873239436619719,10.0,12.6,33.0,0.9788732394366197,0.9931682857357115,36.824486
10,MADFPWDQVVKDLSVFEGRFSYMYLDTVGCVTVGVGKMLPDAAAARKLPFVDRVTGSAATADDIANDFASVKKQTAGLLASKYKPFTKIDLPDTEIDKLLLAEAEDFDGQVRRNFSGYDDYPVDARRVILDMAFNLGMGGLLKFKKFKAAAEAHDWATAAAECKRGGIQQSRNDWAKNLLLEVAQAG,MPAVLVQELIREMVTHEGVAPHMYLDTKGLVTLGIGHILESEAASEALGMPRGVSEAKEALDRAASDIRKASRGADGKSTAELRKYVKLDIPETRVDEVLRSDLTRALNKLRKLIPRFNTFPADVQKALLDMCYNLGVNGVARFKKQVAALQKEDWEQVAKESHRKWISDERYEYILKKLKAGSAGQ,random,naive_steering,"[0, 1, 2, 3, 4, 5, 6, 7, 8, 9, 10, 11, 12, 13, 14, 15, 16, 17, 18, 19, 20, 21, 22, 23, 24, 25, 26, 27, 28, 29, 30, 31, 32, 33, 34, 35, 36, 37, 38, 39, 40, 41, 42, 43, 44, 45, 46, 47, 48, 49, 50, 51, 52, 53, 54, 55, 56, 57, 58, 59, 60, 61, 62, 63, 64, 65, 66, 67, 68, 69, 70, 71, 72, 73, 74, 75, 76, 77, 78, 79, 80, 81, 82, 83, 84, 85, 86, 87, 88, 89, 90, 91, 92, 93, 94, 95, 96, 97, 98, 99, 100, 101, 102, 103, 104, 105, 106, 107, 108, 109, 110, 111, 112, 113, 114, 115, 116, 117, 118, 119, 120, 121, 122, 123, 124, 125, 126, 127, 128, 129, 130, 131, 132, 133, 134, 135, 136, 137, 138, 139, 140, 141, 142, 143, 144, 145, 146, 147, 148, 149, 150, 151, 152, 153, 154, 155, 156, 157, 158, 159, 160, 161, 162, 163, 164, 165, 166, 167, 168, 169, 170, 171, 172, 173, 174, 175, 176, 177, 178, 179, 180, 181, 182, 183, 184, 185, 186]",187,136,0.2727272727272727,0.94515073,0.8202849,0.12486583,48.660767,37.360428,11.300339,1.2298394,0.9884263,136.0,0.7272727272727273,36.0,3.7777777777777777,15.0,0.9946524064171123,0.990996223943348,37.36042
11,MIGSAESSRLGWSVASRARTLAKAIKSMYGPATKAGIAAVLGNWEFESGLNPGAINPGGGASGLGQWLGGRKSALINFAKKNGGNWKSAGTQLAFALKGDGSDSSVLKSVLSGTGSVASLSGQVLFAMGTWWIYSTTCGWCTKD,MPLPGPYLFDKNYGSSGAEAIYGALEANRPKLSKPQMAAILANWEFESSFNPKATNSSGGAYGIGQWLGSRQQSLMNYAKANGKDIKDAGTQVSYMMSGIENDFNGWRGILDGGKSPETVASSVCSRELALRLLGKLSRSACSG,random,naive_steering,"[0, 1, 2, 3, 4, 5, 6, 7, 8, 9, 10, 11, 12, 13, 14, 15, 16, 17, 18, 19, 20, 21, 22, 23, 24, 25, 26, 27, 28, 29, 30, 31, 32, 33, 34, 35, 36, 37, 38, 39, 40, 41, 42, 43, 44, 45, 46, 47, 48, 49, 50, 51, 52, 53, 54, 55, 56, 57, 58, 59, 60, 61, 62, 63, 64, 65, 66, 67, 68, 69, 70, 71, 72, 73, 74, 75, 76, 77, 78, 79, 80, 81, 82, 83, 84, 85, 86, 87, 88, 89, 90, 91, 92, 93, 94, 95, 96, 97, 98, 99, 100, 101, 102, 103, 104, 105, 106, 107, 108, 109, 110, 111, 112, 113, 114, 115, 116, 117, 118, 119, 120, 121, 122, 123, 124, 125, 126, 127, 128, 129, 130, 131, 132, 133, 134, 135, 136, 137, 138, 139, 140, 141, 142, 143]",144,99,0.3125,0.12604441,0.093886584,0.032157823,40.200855,37.36664,2.834217,1.1907227,0.9875239,99.0,0.6875,27.0,3.6666666666666665,20.0,0.9930555555555556,0.975168447679973,37.36663
12,MSFALQMLAYEEEFRSEAYLDSLGYPTIGYEFRLANIKCTEEELAKYYDFVLPKDTALTWLDDLAGQLSRKLCNDSRFAPAWYSCNDLLSRPFTVNARQAVLVSMAYQLGVEGLAKFKTTLKYAANGQFSKASQSMLKSLWAEQYPGRARRHAAQMESGIWYPGYTEES,MKLVATFLQTEEGFKLIPYDDTKGWVGYGTGGREQKGAPYVGIFTPEQEIEKPTPVRVKFTLLEQSSAIDVLTNSIRLAKQNGSTSRLKSQFIDKNGLEAVLLNLAFNLGPTGLKQFSKTLAHIQQSEFTGAAKAIRDSLWAKNTPSRVRRRAQYLQLAYDAYFKRLSE,random,naive_steering,"[0, 1, 2, 3, 4, 5, 6, 7, 8, 9, 10, 11, 12, 13, 14, 15, 16, 17, 18, 19, 20, 21, 22, 23, 24, 25, 26, 27, 28, 29, 30, 31, 32, 33, 34, 35, 36, 37, 38, 39, 40, 41, 42, 43, 44, 45, 46, 47, 48, 49, 50, 51, 52, 53, 54, 55, 56, 57, 58, 59, 60, 61, 62, 63, 64, 65, 66, 67, 68, 69, 70, 71, 72, 73, 74, 75, 76, 77, 78, 79, 80, 81, 82, 83, 84, 85, 86, 87, 88, 89, 90, 91, 92, 93, 94, 95, 96, 97, 98, 99, 100, 101, 102, 103, 104, 105, 106, 107, 108, 109, 110, 111, 112, 113, 114, 115, 116, 117, 118, 119, 120, 121, 122, 123, 124, 125, 126, 127, 128, 129, 130, 131, 132, 133, 134, 135, 136, 137, 138, 139, 140, 141, 142, 143, 144, 145, 146, 147, 148, 149, 150, 151, 152, 153, 154, 155, 156, 157, 158, 159, 160, 161, 162, 163, 164, 165, 166, 167, 168]",169,128,0.242603550295858,0.4595953,0.16061653,0.29897875,37.11844,37.43217,-0.31373215,1.21896,0.9884757,128.0,0.757396449704142,31.0,4.129032258064516,19.0,0.9940828402366864,0.9913915191180399,37.43217
13,AGGKFIDLSSNNGSQNQAWYDSLYQSGVKGLMIKLTEGSEAGSAYLNPLFDEQKSRGIAAGMKFIGAYHYLLAVSVADAQEEAQWFLGKLKAKGIPTSAVVSCDVEDGSLTKDKAALTAEVDAFYKVLTDAGYTNTCDYSSASWFSSRFDSHAKYKWIASWGASSKPAIADAWQYTDKYNGAILDCSYSYNQIFV,MRTDSVDISSWQGALNADYYKAAKAKGITTAFLKVTEGSSTGAIYDQSSFNVNAKAAKDAGFKDIAVYHFFKADTEADAAKEAAYTLARLKENGIGADAIVAIDLEDTSVQPNADKAKAVAKAYAKALQKGGYNNVAIYAMTGWWQQVKSGTPTVVWVANWGAPAQTNTAHTWQSGSNVDVKGTGISTAIDLKIN,random,naive_steering,"[0, 1, 2, 3, 4, 5, 6, 7, 8, 9, 10, 11, 12, 13, 14, 15, 16, 17, 18, 19, 20, 21, 22, 23, 24, 25, 26, 27, 28, 29, 30, 31, 32, 33, 34, 35, 36, 37, 38, 39, 40, 41, 42, 43, 44, 45, 46, 47, 48, 49, 50, 51, 52, 53, 54, 55, 56, 57, 58, 59, 60, 61, 62, 63, 64, 65, 66, 67, 68, 69, 70, 71, 72, 73, 74, 75, 76, 77, 78, 79, 80, 81, 82, 83, 84, 85, 86, 87, 88, 89, 90, 91, 92, 93, 94, 95, 96, 97, 98, 99, 100, 101, 102, 103, 104, 105, 106, 107, 108, 109, 110, 111, 112, 113, 114, 115, 116, 117, 118, 119, 120, 121, 122, 123, 124, 125, 126, 127, 128, 129, 130, 131, 132, 133, 134, 135, 136, 137, 138, 139, 140, 141, 142, 143, 144, 145, 146, 147, 148, 149, 150, 151, 152, 153, 154, 155, 156, 157, 158, 159, 160, 161, 162, 163, 164, 165, 166, 167, 168, 169, 170, 171, 172, 173, 174, 175, 176, 177, 178, 179, 180, 181, 182, 183, 184, 185, 186, 187, 188, 189, 190, 191, 192, 193, 194]",195,139,0.28717948717948716,0.9291739,0.93793726,-0.008763373,32.07746,37.53955,-5.4620895,1.4820119,0.9827523,139.0,0.7128205128205128,41.0,3.3902439024390243,12.0,1.0,0.990190931344556,37.539543
14,MPSGKPYLNALKKEAPEWKKYSEDFLDKMAWMQDVTTEKLGPSLWHMHPIVFLGSFIERDKIIWMKKFTEKFGVIKADAFRSKLLEVSRELSIDPNYIMACIALETGKTFRTDIKNPGSSATGLIQFMDDTAKDLGTTTRQLRAMNHVEQMEYVKRYFKMQADNVGVSTEQWTLEDVYYSIFRPKTILLGPNDVVYQRSDGDYYSKNQYHDRNSDWKITKNEIAENIRINYNLGIPEAG,MNDYALVSLNSPEYNLVYPYGQFAGYNGYGAYTQNAAKLGNLFDFMTHEGLAEWIIRNYDQSYAKDRLAEEFLSKATREFYEKAVEVAKKLNLNPYHIMMAIEFETGRSFDPELITNKSSAVGLIQFIETAAKEVGTTVNQLRKMGKLEQMDIVVQYLIKMQKRLGSGVGRWSLGEVYLTVFFPKYVGKNMPSKDYDLLKKNYAKQNQLADKNNNNTVTSEELLSRIKKQIQKFVSTLN,random,naive_steering,"[0, 1, 2, 3, 4, 5, 6, 7, 8, 9, 10, 11, 12, 13, 14, 15, 16, 17, 18, 19, 20, 21, 22, 23, 24, 25, 26, 27, 28, 29, 30, 31, 32, 33, 34, 35, 36, 37, 38, 39, 40, 41, 42, 43, 44, 45, 46, 47, 48, 49, 50, 51, 52, 53, 54, 55, 56, 57, 58, 59, 60, 61, 62, 63, 64, 65, 66, 67, 68, 69, 70, 71, 72, 73, 74, 75, 76, 77, 78, 79, 80, 81, 82, 83, 84, 85, 86, 87, 88, 89, 90, 91, 92, 93, 94, 95, 96, 97, 98, 99, 100, 101, 102, 103, 104, 105, 106, 107, 108, 109, 110, 111, 112, 113, 114, 115, 116, 117, 118, 119, 120, 121, 122, 123, 124, 125, 126, 127, 128, 129, 130, 131, 132, 133, 134, 135, 136, 137, 138, 139, 140, 141, 142, 143, 144, 145, 146, 147, 148, 149, 150, 151, 152, 153, 154, 155, 156, 157, 158, 159, 160, 161, 162, 163, 164, 165, 166, 167, 168, 169, 170, 171, 172, 173, 174, 175, 176, 177, 178, 179, 180, 181, 182, 183, 184, 185, 186, 187, 188, 189, 190, 191, 192, 193, 194, 195, 196, 197, 198, 199, 200, 201, 202, 203, 204, 205, 206, 207, 208, 209, 210, 211, 212, 213, 214, 215, 216, 217, 218, 219, 220, 221, 222, 223, 224, 225, 226, 227, 228, 229, 230, 231, 232, 233, 234, 235, 236, 237, 238]",239,182,0.2384937238493724,0.962803,0.9360046,0.026798427,62.972336,37.703957,25.26838,1.4564039,0.98617333,182.0,0.7615062761506276,37.0,4.918918918918919,46.0,0.99581589958159,0.9884927296498915,37.70398
15,MKKLIKKLTMFALAFIIMGGAFAISAENSEAFAATNKARVYAELKASGYSKAAAAGIMANIKHESNYNPNAGRGAYGLIQWTGSRKRALKRYAKSKKLSYKSVKAQIGYMNKELKSGYKGLYKHLKTVKNNKSGAYKAAHKFCYDFERPANKSSRSKKRGNTAKKIYSKLA,MKQLIKYVPVVLFITVFTVFSLLGVPVAADKVAKSNIKAVYNELRKSGFSKALSAGMASVIEHESSLKANASSNHYGLMQWSNKRRKSFQNYCAAHGVKVKNVNCQAKAFTYEIKNDYSSAKNYLKSLSTTQKGVVTAARNFEYYYERPNDKSNKAKARDKIAKKYYKEYQ,random,naive_steering,"[0, 1, 2, 3, 4, 5, 6, 7, 8, 9, 10, 11, 12, 13, 14, 15, 16, 17, 18, 19, 20, 21, 22, 23, 24, 25, 26, 27, 28, 29, 30, 31, 32, 33, 34, 35, 36, 37, 38, 39, 40, 41, 42, 43, 44, 45, 46, 47, 48, 49, 50, 51, 52, 53, 54, 55, 56, 57, 58, 59, 60, 61, 62, 63, 64, 65, 66, 67, 68, 69, 70, 71, 72, 73, 74, 75, 76, 77, 78, 79, 80, 81, 82, 83, 84, 85, 86, 87, 88, 89, 90, 91, 92, 93, 94, 95, 96, 97, 98, 99, 100, 101, 102, 103, 104, 105, 106, 107, 108, 109, 110, 111, 112, 113, 114, 115, 116, 117, 118, 119, 120, 121, 122, 123, 124, 125, 126, 127, 128, 129, 130, 131, 132, 133, 134, 135, 136, 137, 138, 139, 140, 141, 142, 143, 144, 145, 146, 147, 148, 149, 150, 151, 152, 153, 154, 155, 156, 157, 158, 159, 160, 161, 162, 163, 164, 165, 166, 167, 168, 169, 170]",171,116,0.32163742690058483,0.0037502954,0.00427074,-0.0005204445,39.542984,37.781067,1.7619171,1.3183348,0.9868135,116.0,0.6783625730994152,33.0,3.515151515151515,26.0,0.9883040935672515,0.9882405035168764,37.781044
16,MTSTITRRLVGSVVAVGLAATGIVATASIATAEVGAGNIAASSISAQATQNFGLTTAEAKVVQVKLLKKFGFTGKAYPGKIDGKLGTNSWKAFQVYLKKRYGYTGKIDGDPGKNTIKALQRLLNHRVLSRLTVDGEAGPKTKAAFKKYAKSLAR,MLSRRGRRLLVSTAAVGVTAAALVGGGGAAAAAPHGAAHSATSSSNATAPTKTPSREALQKAYKQVKKTFGSTKFKFTLAIDGDAGKRTVAALQTALKSYYGVKLAVDGKVGPNTKKALQRALKKKYGAKLVVDGDFGPATKAAFKKFLKKVSK,random,naive_steering,"[0, 1, 2, 3, 4, 5, 6, 7, 8, 9, 10, 11, 12, 13, 14, 15, 16, 17, 18, 19, 20, 21, 22, 23, 24, 25, 26, 27, 28, 29, 30, 31, 32, 33, 34, 35, 36, 37, 38, 39, 40, 41, 42, 43, 44, 45, 46, 47, 48, 49, 50, 51, 52, 53, 54, 55, 56, 57, 58, 59, 60, 61, 62, 63, 64, 65, 66, 67, 68, 69, 70, 71, 72, 73, 74, 75, 76, 77, 78, 79, 80, 81, 82, 83, 84, 85, 86, 87, 88, 89, 90, 91, 92, 93, 94, 95, 96, 97, 98, 99, 100, 101, 102, 103, 104, 105, 106, 107, 108, 109, 110, 111, 112, 113, 114, 115, 116, 117, 118, 119, 120, 121, 122, 123, 124, 125, 126, 127, 128, 129, 130, 131, 132, 133, 134, 135, 136, 137, 138, 139, 140, 141, 142, 143, 144, 145, 146, 147, 148, 149, 150, 151, 152, 153]",154,99,0.3571428571428571,0.39485434,0.042060226,0.3527941,40.996883,37.863243,3.1336403,1.2561764,0.9881412,99.0,0.6428571428571429,31.0,3.193548387096774,22.0,0.9935064935064936,0.9828358559063209,37.863243
17,MLKLFSLSSSLSILFLASAHAESQVQLSHVPSQSQVEDFNEPRGASKGVEARPILVIASELIKYFEGWYPSAYDDPAAYCTIGYGHLIALQACASIDLGEFARPLSKGAGAALLEKDTRTARIAVQRYVKVDLSDEQFSALASFTFNVGKEKFADSTLLELVNDGDFDAAANQFGRWIKAKGKVLPGLKDRRACEAALFRGNLQSGKNSTFDRSDCAGLGVASGAGPVIDIFVGE,MIPPVVLAVLVALAAVPSVPPPTTAQSIRPVAAVAVEVQRPTGSATSDSPSPVLPNSGLDLIRQFEGWQPEAYNDAAGFCTIGYGHLVTKPPCAGVDPSPYKFPVSAEEGTKLFSQDIARSQQEVRRLVTAPLSPNQFAALTSLVFNIGVGNLRRSTLRRKLNNGDYAGAAAQLDRWVNSGGNILPGLARRRRCESALFKTPPSSADPALVRVTGCQPKLADNRIPTGSPGDPPR,random,naive_steering,"[0, 1, 2, 3, 4, 5, 6, 7, 8, 9, 10, 11, 12, 13, 14, 15, 16, 17, 18, 19, 20, 21, 22, 23, 24, 25, 26, 27, 28, 29, 30, 31, 32, 33, 34, 35, 36, 37, 38, 39, 40, 41, 42, 43, 44, 45, 46, 47, 48, 49, 50, 51, 52, 53, 54, 55, 56, 57, 58, 59, 60, 61, 62, 63, 64, 65, 66, 67, 68, 69, 70, 71, 72, 73, 74, 75, 76, 77, 78, 79, 80, 81, 82, 83, 84, 85, 86, 87, 88, 89, 90, 91, 92, 93, 94, 95, 96, 97, 98, 99, 100, 101, 102, 103, 104, 105, 106, 107, 108, 109, 110, 111, 112, 113, 114, 115, 116, 117, 118, 119, 120, 121, 122, 123, 124, 125, 126, 127, 128, 129, 130, 131, 132, 133, 134, 135, 136, 137, 138, 139, 140, 141, 142, 143, 144, 145, 146, 147, 148, 149, 150, 151, 152, 153, 154, 155, 156, 157, 158, 159, 160, 161, 162, 163, 164, 165, 166, 167, 168, 169, 170, 171, 172, 173, 174, 175, 176, 177, 178, 179, 180, 181, 182, 183, 184, 185, 186, 187, 188, 189, 190, 191, 192, 193, 194, 195, 196, 197, 198, 199, 200, 201, 202, 203, 204, 205, 206, 207, 208, 209, 210, 211, 212, 213, 214, 215, 216, 217, 218, 219, 220, 221, 222, 223, 224, 225, 226, 227, 228, 229, 230, 231, 232, 233, 234]",235,163,0.30638297872340425,0.7340076,0.0016830154,0.7323246,46.41282,38.00685,8.405968,1.5054084,0.98042285,163.0,0.6936170212765957,42.0,3.880952380952381,19.0,0.9957446808510638,0.9871545285891536,38.006855
18,MSAYSYSQCEIDYEERWAAMTITPGRLSAIDAMARKIIAGTPRYQAAQAATGVPWAFIGVLHSREASCDFRGVLHNGETILGTGRKTRLAPAGRGPFSTWEEAAKDALAIKGYSPGSLVWSIPRCLYEGERFNGFGYRMRGVPSAYLWSGSNQYTRGKYIADSVWSATAVDQQMGIAPLMVRLMQLDPGVSFGAPAGTAPASVVVDDDSMQIQRALNEAGGYGLTVDGDIGPKTRAAIKDFQRRHGLKSDGIAGPLTLAKLTEALRAV,MSIINRELTAEVYDEMFGRWASVRPDAEHNDQQAKEVVAHRIAADSALRGGKIPWWYVAAVHCFETSWDAQNHLWNGHPMKGVPVKRTTAYDGRGRKFTWDQAAADAVSTYYLKGGVAKGSVPAVLAQIEKYNGLGWADPGHSTSNLWSFAALYTKPKYLDDGLYDPKKIDKQLGAASILRKILEMDPDWKADPKPRVVDAPQPRSKEVKEIQRWLAKKKFGGITVDGQAGASTIAAIKKFQASNGLTPDGKAGSQTRKALAAKKPRK,random,naive_steering,"[0, 1, 2, 3, 4, 5, 6, 7, 8, 9, 10, 11, 12, 13, 14, 15, 16, 17, 18, 19, 20, 21, 22, 23, 24, 25, 26, 27, 28, 29, 30, 31, 32, 33, 34, 35, 36, 37, 38, 39, 40, 41, 42, 43, 44, 45, 46, 47, 48, 49, 50, 51, 52, 53, 54, 55, 56, 57, 58, 59, 60, 61, 62, 63, 64, 65, 66, 67, 68, 69, 70, 71, 72, 73, 74, 75, 76, 77, 78, 79, 80, 81, 82, 83, 84, 85, 86, 87, 88, 89, 90, 91, 92, 93, 94, 95, 96, 97, 98, 99, 100, 101, 102, 103, 104, 105, 106, 107, 108, 109, 110, 111, 112, 113, 114, 115, 116, 117, 118, 119, 120, 121, 122, 123, 124, 125, 126, 127, 128, 129, 130, 131, 132, 133, 134, 135, 136, 137, 138, 139, 140, 141, 142, 143, 144, 145, 146, 147, 148, 149, 150, 151, 152, 153, 154, 155, 156, 157, 158, 159, 160, 161, 162, 163, 164, 165, 166, 167, 168, 169, 170, 171, 172, 173, 174, 175, 176, 177, 178, 179, 180, 181, 182, 183, 184, 185, 186, 187, 188, 189, 190, 191, 192, 193, 194, 195, 196, 197, 198, 199, 200, 201, 202, 203, 204, 205, 206, 207, 208, 209, 210, 211, 212, 213, 214, 215, 216, 217, 218, 219, 220, 221, 222, 223, 224, 225, 226, 227, 228, 229, 230, 231, 232, 233, 234, 235, 236, 237, 238, 239, 240, 241, 242, 243, 244, 245, 246, 247, 248, 249, 250, 251, 252, 253, 254, 255, 256, 257, 258, 259, 260, 261, 262, 263, 264, 265, 266, 267]",268,190,0.29104477611940294,0.82403445,0.9315459,-0.10751146,37.96805,38.489483,-0.5214348,1.1983007,0.98964643,190.0,0.7089552238805971,52.0,3.6538461538461537,15.0,0.9925373134328358,0.9945154345741216,38.489483
19,MAWYPLAEKLTKVSEDCGLVAYADPASGGEPWTCGWGATGETITKGTVWTQSRADARLTADLMRFAAVVDSLVKVPLAPHEKAALVDFTFNLGSGNFEGSTLRLVAGTGLEPASR,MSKEESAAESVAAKKLPVLESKPDWEVNGQPWWIAAGDTEEKVPLDVAWPKAEVGLLLVEGMGKAIVVVERGLSRVLKQDEWVLELSAALNDGVKLFVGRANRDGATANVTLAGP,random,naive_steering,"[0, 1, 2, 3, 4, 5, 6, 7, 8, 9, 10, 11, 12, 13, 14, 15, 16, 17, 18, 19, 20, 21, 22, 23, 24, 25, 26, 27, 28, 29, 30, 31, 32, 33, 34, 35, 36, 37, 38, 39, 40, 41, 42, 43, 44, 45, 46, 47, 48, 49, 50, 51, 52, 53, 54, 55, 56, 57, 58, 59, 60, 61, 62, 63, 64, 65, 66, 67, 68, 69, 70, 71, 72, 73, 74, 75, 76, 77, 78, 79, 80, 81, 82, 83, 84, 85, 86, 87, 88, 89, 90, 91, 92, 93, 94, 95, 96, 97, 98, 99, 100, 101, 102, 103, 104, 105, 106, 107, 108, 109, 110, 111, 112, 113, 114]",115,92,0.19999999999999996,0.7604057,0.07063567,0.68977004,64.94083,38.530167,26.41066,4.6889725,0.87729555,92.0,0.8,21.0,4.380952380952381,11.0,0.991304347826087,0.9969040375963721,38.53017
20,MFEERVARLVKVPLTGNQHAVLVSSDFNTGSLGKSTLLKKLDKGDHDAVPAELMKWVKGLVNRRAAEAGLWAKGEFVSRRMAHDQSPTHSRGKAMRRHIPRSMPL,MLERLRRVSVANGRIRSKLARTVDLGVDVINRGVESDDKEINDGPTSLELLVPAARRFRKFGVVFLATPVALRLATNGRQGGGADPAGSDAEVTDPAESDLLVAA,random,naive_steering,"[0, 1, 2, 3, 4, 5, 6, 7, 8, 9, 10, 11, 12, 13, 14, 15, 16, 17, 18, 19, 20, 21, 22, 23, 24, 25, 26, 27, 28, 29, 30, 31, 32, 33, 34, 35, 36, 37, 38, 39, 40, 41, 42, 43, 44, 45, 46, 47, 48, 49, 50, 51, 52, 53, 54, 55, 56, 57, 58, 59, 60, 61, 62, 63, 64, 65, 66, 67, 68, 69, 70, 71, 72, 73, 74, 75, 76, 77, 78, 79, 80, 81, 82, 83, 84, 85, 86, 87, 88, 89, 90, 91, 92, 93, 94, 95, 96, 97, 98, 99, 100, 101, 102, 103, 104]",105,96,0.08571428571428574,0.04148265,0.558148,-0.5166654,47.711178,38.594414,9.116764,4.542764,0.8950748,96.0,0.9142857142857143,9.0,10.666666666666666,34.0,0.9904761904761905,0.9975166076722778,38.594414
21,MAIQVSSGICAESKAPRSTTPGAAACDNRAQDEGRPYSLCLAELQFRASETEMNRHWIVALAQERAVKGPGAARRLRTEQRAWRDVRNAECARVAQAGRATYFAINELGCLTSWTTRRADFLQALAISKR,MSSQRLAAAGTGSGATGLRVEAEARAQRASQGCGARAAAAEAAPVARPATVRRLVHKTGALLQLARAAQVPLLVTARRPGEASRTPVQCEREARERGARAQQLTTGSRVPSPSSLTTSELGPKDSAGPPS,random,naive_steering,"[0, 1, 2, 3, 4, 5, 6, 7, 8, 9, 10, 11, 12, 13, 14, 15, 16, 17, 18, 19, 20, 21, 22, 23, 24, 25, 26, 27, 28, 29, 30, 31, 32, 33, 34, 35, 36, 37, 38, 39, 40, 41, 42, 43, 44, 45, 46, 47, 48, 49, 50, 51, 52, 53, 54, 55, 56, 57, 58, 59, 60, 61, 62, 63, 64, 65, 66, 67, 68, 69, 70, 71, 72, 73, 74, 75, 76, 77, 78, 79, 80, 81, 82, 83, 84, 85, 86, 87, 88, 89, 90, 91, 92, 93, 94, 95, 96, 97, 98, 99, 100, 101, 102, 103, 104, 105, 106, 107, 108, 109, 110, 111, 112, 113, 114, 115, 116, 117, 118, 119, 120, 121, 122, 123, 124, 125, 126, 127, 128, 129]",130,108,0.16923076923076918,0.3640558,0.026901891,0.3371539,49.82341,38.656155,11.167255,5.6256094,0.81361425,108.0,0.8307692307692308,20.0,5.4,13.0,0.9923076923076923,0.9985614390628821,38.65616
22,MKTIFAATLAILIALPNAGNSAVMKCQMNIMRIENGEMSGTPHRVAEAILTADAHQFYAVVGERIISSPILSENKGNLAAYHSGAAYFMRKDSFGVIYDDFGYVFDECEKVA,MKLLTLAAIGALATTEAITEYKCEKTPYAVIQLSGQGLVQGASGQGDFELKYGDKKVTAKVDGVEFQVTIVQENADETILSAGRTVLVERDDIAGTAFDKGAFLITGCDRVE,random,naive_steering,"[0, 1, 2, 3, 4, 5, 6, 7, 8, 9, 10, 11, 12, 13, 14, 15, 16, 17, 18, 19, 20, 21, 22, 23, 24, 25, 26, 27, 28, 29, 30, 31, 32, 33, 34, 35, 36, 37, 38, 39, 40, 41, 42, 43, 44, 45, 46, 47, 48, 49, 50, 51, 52, 53, 54, 55, 56, 57, 58, 59, 60, 61, 62, 63, 64, 65, 66, 67, 68, 69, 70, 71, 72, 73, 74, 75, 76, 77, 78, 79, 80, 81, 82, 83, 84, 85, 86, 87, 88, 89, 90, 91, 92, 93, 94, 95, 96, 97, 98, 99, 100, 101, 102, 103, 104, 105, 106, 107, 108, 109, 110, 111]",112,95,0.1517857142857143,0.06562649,0.03646901,0.029157478,45.21447,38.875114,6.3393555,2.1038423,0.97168916,95.0,0.8482142857142857,15.0,6.333333333333333,24.0,0.9821428571428571,0.9954155287925714,38.875114
23,MNKLFGIDISHWQGDLSIKQARDERGVQFVIVKAAGADAGKYKDSKFEDYYAQCKAIGMPVGAYYYGNAKSVADAQAEADHFLSVIAGKQFEYPIYYDVEGNMLENAKDTLTDIVIAFCDRCEKAGYFVGVYTSDSHFQSHVDDSRLQRFTHWVAKYSSNTPATSHDIWQYGGGQNFIADKTICGRTVDQDFCYRDFPAAIKAAGLNGYTANNDDGKDEPEASAPEGTTLELVYRTMKDEFGGGDARKAALGSRYDEVQEVINHIYSASAQELADEVWTGKYGDDEVRRTFLGDRWQEVQDIVNDGGKKYHTIESGETLTSIAKDFGTTVDALVSLNGIENPNLIITGDSIRVR,MTTMKGIDLSAYQGDVDVQELKDDYGIEFVILKAGSGSDTSQVDPTFASNYNQVKSAGIPVGAYWFVNPTTVSQAEDQAEACIAITDGKGFEYPIFFDIEDSGLADYGETATDMVVAFCDRLRSAGYYPGVYSSANYFESKLDADRLADYDKWYARYDDVISYDQYAMWQYTYENGPGVDIPADGRKIDLNYAYKDYPSLIRAAGLNGYTDNASSSDDTATIEPPEYYDPDELRESLVRVYGDESARVERLGDTYDELVKLYSELDNLDRLDTIYDTLKDTFDDISNRKYDLGDRWTELIDFIKDFEYPTYTVVSGDTLSKIAEEHNSTVDELVELNNLKNTNLIYAGNRIRVD,random,naive_steering,"[0, 1, 2, 3, 4, 5, 6, 7, 8, 9, 10, 11, 12, 13, 14, 15, 16, 17, 18, 19, 20, 21, 22, 23, 24, 25, 26, 27, 28, 29, 30, 31, 32, 33, 34, 35, 36, 37, 38, 39, 40, 41, 42, 43, 44, 45, 46, 47, 48, 49, 50, 51, 52, 53, 54, 55, 56, 57, 58, 59, 60, 61, 62, 63, 64, 65, 66, 67, 68, 69, 70, 71, 72, 73, 74, 75, 76, 77, 78, 79, 80, 81, 82, 83, 84, 85, 86, 87, 88, 89, 90, 91, 92, 93, 94, 95, 96, 97, 98, 99, 100, 101, 102, 103, 104, 105, 106, 107, 108, 109, 110, 111, 112, 113, 114, 115, 116, 117, 118, 119, 120, 121, 122, 123, 124, 125, 126, 127, 128, 129, 130, 131, 132, 133, 134, 135, 136, 137, 138, 139, 140, 141, 142, 143, 144, 145, 146, 147, 148, 149, 150, 151, 152, 153, 154, 155, 156, 157, 158, 159, 160, 161, 162, 163, 164, 165, 166, 167, 168, 169, 170, 171, 172, 173, 174, 175, 176, 177, 178, 179, 180, 181, 182, 183, 184, 185, 186, 187, 188, 189, 190, 191, 192, 193, 194, 195, 196, 197, 198, 199, 200, 201, 202, 203, 204, 205, 206, 207, 208, 209, 210, 211, 212, 213, 214, 215, 216, 217, 218, 219, 220, 221, 222, 223, 224, 225, 226, 227, 228, 229, 230, 231, 232, 233, 234, 235, 236, 237, 238, 239, 240, 241, 242, 243, 244, 245, 246, 247, 248, 249, 250, 251, 252, 253, 254, 255, 256, 257, 258, 259, 260, 261, 262, 263, 264, 265, 266, 267, 268, 269, 270, 271, 272, 273, 274, 275, 276, 277, 278, 279, 280, 281, 282, 283, 284, 285, 286, 287, 288, 289, 290, 291, 292, 293, 294, 295, 296, 297, 298, 299, 300, 301, 302, 303, 304, 305, 306, 307, 308, 309, 310, 311, 312, 313, 314, 315, 316, 317, 318, 319, 320, 321, 322, 323, 324, 325, 326, 327, 328, 329, 330, 331, 332, 333, 334, 335, 336, 337, 338, 339, 340, 341, 342, 343, 344, 345, 346, 347, 348, 349, 350, 351, 352, 353]",354,227,0.3587570621468926,0.7949035,0.2668997,0.5280038,41.62085,39.029526,2.5913239,0.9484383,0.99212426,227.0,0.6412429378531074,71.0,3.1971830985915495,26.0,0.9971751412429378,0.9922040633987733,39.029526
24,MRQRLLFLVLFFPSFLLAQGRIDQIKEQGYVKMAAKVNCDHPDGDGLSSRICANLAFQRSDSLLVITYNSILKIADERSDKTLHKKVVALQQSWRKLRDQHCSIVHDQFKNCGSCHEQAAAYLNCLREMTVNRIGELEKLKEELN,MKIALLLSLLVIPSVAFGEDSLRDQVQAEVELISENQNCEEFDDSAEAFSDCASNLIETEESKLNETYKALLKRLKEQGETKRHENLVKSQKAWVKYREEECKFMADAFEEQVSGMGEMVGWADCMAELSVNRAEILETYLSKKK,random,naive_steering,"[0, 1, 2, 3, 4, 5, 6, 7, 8, 9, 10, 11, 12, 13, 14, 15, 16, 17, 18, 19, 20, 21, 22, 23, 24, 25, 26, 27, 28, 29, 30, 31, 32, 33, 34, 35, 36, 37, 38, 39, 40, 41, 42, 43, 44, 45, 46, 47, 48, 49, 50, 51, 52, 53, 54, 55, 56, 57, 58, 59, 60, 61, 62, 63, 64, 65, 66, 67, 68, 69, 70, 71, 72, 73, 74, 75, 76, 77, 78, 79, 80, 81, 82, 83, 84, 85, 86, 87, 88, 89, 90, 91, 92, 93, 94, 95, 96, 97, 98, 99, 100, 101, 102, 103, 104, 105, 106, 107, 108, 109, 110, 111, 112, 113, 114, 115, 116, 117, 118, 119, 120, 121, 122, 123, 124, 125, 126, 127, 128, 129, 130, 131, 132, 133, 134, 135, 136, 137, 138, 139, 140, 141, 142, 143, 144]",145,110,0.24137931034482762,0.077709265,0.011392086,0.06631718,41.353188,39.246258,2.1069298,1.359454,0.98664606,110.0,0.7586206896551724,26.0,4.230769230769231,23.0,0.993103448275862,0.9953348706001925,39.246254
25,MYNNPLFLKQIKRHEGCKKNKDGLHVAYRCTAKKLTIGYGHNLDANPIPGLILKEKDTINEEQAERLLKADILACIQDLNSHLSWWITLNEARKAVLINMCFNLGITKLLTFKKTLHFIRIGNYKQAAKNMMCSLWSKQVGDGIGGYFDRAEELAKQMQSGKWQEV,MSDFEFVEQIIRKDESFINPQTGYTVPYRDDRGKLTIGYGHLASSLPSNAHAIRVGDLITNVEAQRLFDKDYIEAVAGLEKAIPNFSELSEARQAALANMCYNIGIRGLTKFKKTVNALRKKDWNLAVEEMIKSKWYKRYNNNEQGLRNRVDQRARAMQIGLAGIQ,random,naive_steering,"[0, 1, 2, 3, 4, 5, 6, 7, 8, 9, 10, 11, 12, 13, 14, 15, 16, 17, 18, 19, 20, 21, 22, 23, 24, 25, 26, 27, 28, 29, 30, 31, 32, 33, 34, 35, 36, 37, 38, 39, 40, 41, 42, 43, 44, 45, 46, 47, 48, 49, 50, 51, 52, 53, 54, 55, 56, 57, 58, 59, 60, 61, 62, 63, 64, 65, 66, 67, 68, 69, 70, 71, 72, 73, 74, 75, 76, 77, 78, 79, 80, 81, 82, 83, 84, 85, 86, 87, 88, 89, 90, 91, 92, 93, 94, 95, 96, 97, 98, 99, 100, 101, 102, 103, 104, 105, 106, 107, 108, 109, 110, 111, 112, 113, 114, 115, 116, 117, 118, 119, 120, 121, 122, 123, 124, 125, 126, 127, 128, 129, 130, 131, 132, 133, 134, 135, 136, 137, 138, 139, 140, 141, 142, 143, 144, 145, 146, 147, 148, 149, 150, 151, 152, 153, 154, 155, 156, 157, 158, 159, 160, 161, 162, 163, 164, 165]",166,114,0.3132530120481928,0.7046109,0.3373956,0.36721528,43.1664,39.29395,3.8724518,1.0318649,0.990666,114.0,0.6867469879518072,34.0,3.3529411764705883,9.0,0.9939759036144579,0.989946730479699,39.29395
26,MSSIKHIIVHCAYTPESMDIGVKEIDAWHRKRGWMGCGYHAVITRQGVVELGRPLNKTGAHVRGMNTTSKGICLIGGMNRSKTGPEINYTDEQYESLRLLIDQWKDWHFPMAKVSGHTDWDKNKTCPNFDAGHWYETGEIKSTIS,MANIKYLVIHCSDTPPGRDITAAEIERWHKENGWSGIGYNFVIDKKGNIELGRPIGKQGAHCKGWNNGAIGVCLVGGASEESAQVADSFTKEQKESLKRLVLYLRNRGIPENSVKGHKELDKGKSCPYFDVAAEYNQGFLSEFIE,random,naive_steering,"[0, 1, 2, 3, 4, 5, 6, 7, 8, 9, 10, 11, 12, 13, 14, 15, 16, 17, 18, 19, 20, 21, 22, 23, 24, 25, 26, 27, 28, 29, 30, 31, 32, 33, 34, 35, 36, 37, 38, 39, 40, 41, 42, 43, 44, 45, 46, 47, 48, 49, 50, 51, 52, 53, 54, 55, 56, 57, 58, 59, 60, 61, 62, 63, 64, 65, 66, 67, 68, 69, 70, 71, 72, 73, 74, 75, 76, 77, 78, 79, 80, 81, 82, 83, 84, 85, 86, 87, 88, 89, 90, 91, 92, 93, 94, 95, 96, 97, 98, 99, 100, 101, 102, 103, 104, 105, 106, 107, 108, 109, 110, 111, 112, 113, 114, 115, 116, 117, 118, 119, 120, 121, 122, 123, 124, 125, 126, 127, 128, 129, 130, 131, 132, 133, 134, 135, 136, 137, 138, 139, 140, 141, 142, 143, 144]",145,87,0.4,0.92295766,0.9652112,-0.042253554,58.9759,39.4159,19.559998,1.0483955,0.9891092,87.0,0.6,34.0,2.5588235294117645,12.0,0.993103448275862,0.9883143205711803,39.4159
27,MTNTKRTIAKKVSHTSHTKRKRKAIRSRRSFLHRYPRWAVALGAVAMIVLYIWCFYYFFVSPTGFRWRALYGDAKYPEGYEIHGIDISHYQADIDWGQLSNAMIKGCPVRFIIMKSTEGVGKLDEAFYENYQSAGDYGFIRGAYHFWSTKSSARDQAYYFLDKVHLNEGDLPPVLDVEHKPKDQSLEDFQRDVLTWLHIVEDKYHVKPIIYTYYKFKQNYLSAPVFDDYPYWIAHYYVDKIEYKGPWKFWQHTDAGRLPGIKGYVDFNIYNGSFYDLKRLTIGYNKW,MSATKAAGKKKAVARKKKSNRAKSGGKVFGLFTGGRLPLAIVLLLILVGIAGWVYINHFGKPKYNDKHDSLNLPKVPKDYPVHGIDVSHYQGPIDWGRVVRTAVPYRPVDFIIMKATEGDDFIDSKFAENWKNAKKAGIIRGAYHYYDPKKTGLRQAEAFIRAVELEKGDLPPAIDVEETGEGYSAEEMQSGLRDFLEILEQKYGKKPIVYSFPKFHNKYVVGADFSKYKMWIAHYYVETAYPGSQWKFWQHTDIGQLNGVHGNVDLNVFYGSKEQLLKITGISVKP,random,naive_steering,"[0, 1, 2, 3, 4, 5, 6, 7, 8, 9, 10, 11, 12, 13, 14, 15, 16, 17, 18, 19, 20, 21, 22, 23, 24, 25, 26, 27, 28, 29, 30, 31, 32, 33, 34, 35, 36, 37, 38, 39, 40, 41, 42, 43, 44, 45, 46, 47, 48, 49, 50, 51, 52, 53, 54, 55, 56, 57, 58, 59, 60, 61, 62, 63, 64, 65, 66, 67, 68, 69, 70, 71, 72, 73, 74, 75, 76, 77, 78, 79, 80, 81, 82, 83, 84, 85, 86, 87, 88, 89, 90, 91, 92, 93, 94, 95, 96, 97, 98, 99, 100, 101, 102, 103, 104, 105, 106, 107, 108, 109, 110, 111, 112, 113, 114, 115, 116, 117, 118, 119, 120, 121, 122, 123, 124, 125, 126, 127, 128, 129, 130, 131, 132, 133, 134, 135, 136, 137, 138, 139, 140, 141, 142, 143, 144, 145, 146, 147, 148, 149, 150, 151, 152, 153, 154, 155, 156, 157, 158, 159, 160, 161, 162, 163, 164, 165, 166, 167, 168, 169, 170, 171, 172, 173, 174, 175, 176, 177, 178, 179, 180, 181, 182, 183, 184, 185, 186, 187, 188, 189, 190, 191, 192, 193, 194, 195, 196, 197, 198, 199, 200, 201, 202, 203, 204, 205, 206, 207, 208, 209, 210, 211, 212, 213, 214, 215, 216, 217, 218, 219, 220, 221, 222, 223, 224, 225, 226, 227, 228, 229, 230, 231, 232, 233, 234, 235, 236, 237, 238, 239, 240, 241, 242, 243, 244, 245, 246, 247, 248, 249, 250, 251, 252, 253, 254, 255, 256, 257, 258, 259, 260, 261, 262, 263, 264, 265, 266, 267, 268, 269, 270, 271, 272, 273, 274, 275, 276, 277, 278, 279, 280, 281, 282, 283, 284, 285, 286]",287,183,0.3623693379790941,0.18561459,0.10270074,0.082913846,41.326942,39.521633,1.8053093,1.0841186,0.98960084,183.0,0.6376306620209059,54.0,3.388888888888889,29.0,0.9965156794425087,0.9881247507956678,39.521633
28,MERTDNLETVKKFQKEGIKTRRALSIFTWLLIVVAFISSVAIWIVAKPVSIASTVPSGFSVQGVVVNQRAEYLDFGYLKANHVDFVYIQSTTGTALADNTFKKDMQRVQQAKLDRGIMHTFSSDSTAEAQVSYFIQEVGNKTGNLPIAISVNADQLQTQNSKTELVKMVKLLANHYNQEILIYTTPKVKKQLTTTIRQAHFWLVKNDTQSLKKQDVLVQYDADHVVGQGVRAIKLPTSVFNGSRQAYERLLQ,MTELQKRLFIQRLDNTLRAHRRSKRQKKFIITLFSLVSIVLFFAGVQIGIRSIKAPKRYNAQGIYISRSTGKIDFDLLQDQQISFVFLKATQGQVYRDPNLEKNLERIEDTSVRHGAYHKFNLKRDAEKQVDFFVNQLGSAEGNYPVAVDFSKSNLRNQIVNKEVLNIINRLANHFNQTIILKSSSSNYAVITQAAPQHRIWLVNNNFTDKNYTPFFWQHNANVVLEYYDKKILVAEHVFNGTREEFQKITK,random,naive_steering,"[0, 1, 2, 3, 4, 5, 6, 7, 8, 9, 10, 11, 12, 13, 14, 15, 16, 17, 18, 19, 20, 21, 22, 23, 24, 25, 26, 27, 28, 29, 30, 31, 32, 33, 34, 35, 36, 37, 38, 39, 40, 41, 42, 43, 44, 45, 46, 47, 48, 49, 50, 51, 52, 53, 54, 55, 56, 57, 58, 59, 60, 61, 62, 63, 64, 65, 66, 67, 68, 69, 70, 71, 72, 73, 74, 75, 76, 77, 78, 79, 80, 81, 82, 83, 84, 85, 86, 87, 88, 89, 90, 91, 92, 93, 94, 95, 96, 97, 98, 99, 100, 101, 102, 103, 104, 105, 106, 107, 108, 109, 110, 111, 112, 113, 114, 115, 116, 117, 118, 119, 120, 121, 122, 123, 124, 125, 126, 127, 128, 129, 130, 131, 132, 133, 134, 135, 136, 137, 138, 139, 140, 141, 142, 143, 144, 145, 146, 147, 148, 149, 150, 151, 152, 153, 154, 155, 156, 157, 158, 159, 160, 161, 162, 163, 164, 165, 166, 167, 168, 169, 170, 171, 172, 173, 174, 175, 176, 177, 178, 179, 180, 181, 182, 183, 184, 185, 186, 187, 188, 189, 190, 191, 192, 193, 194, 195, 196, 197, 198, 199, 200, 201, 202, 203, 204, 205, 206, 207, 208, 209, 210, 211, 212, 213, 214, 215, 216, 217, 218, 219, 220, 221, 222, 223, 224, 225, 226, 227, 228, 229, 230, 231, 232, 233, 234, 235, 236, 237, 238, 239, 240, 241, 242, 243, 244, 245, 246, 247, 248, 249, 250, 251]",252,196,0.2222222222222222,0.02517718,0.1558515,-0.13067432,39.922737,39.736954,0.18578339,1.4539791,0.98373115,196.0,0.7777777777777778,40.0,4.9,19.0,0.996031746031746,0.9971061856545079,39.736954
29,MTIFMSNDADCTTTQQNYSGGGDTVTGNWTVQGTTANQHAKEIWDYWVGKGFSGAASAGVLGNVDVEGGFSIPDRAQGHYTDDASSQISKGVVPIGGGGGYYQFTPYDKFAPLGSEKWLDTNAQNEFVWTSELQKASWRHDYSLLTDPVEASKSWFKLYERGAAYDDRKSSAAQAAYQLFGGSNIAGSSIDDSNQDNTVTDTIDNNEALANEANNGCDVDASADEEYTGEAAKGAWKTYDELPADVKKYAHDPAKLIGPRGNGEKWIAAGVSAASYDQCVGLSVAYGNAIWGLTGNKMGNGIDTAKGFADQSMTKLTTKPKAGAIFSRGNNTPAGHTGIVEHVFKNGDMLIVEQNVPGMSGAANGERFTWNFEVVSKEYMEKYQAVYAYPGDNSQYHLKW,MAESSKDVIASANPTGSVSNNSNQSQTNISPSSQGVSQRAKIAYNYWVSQGYSAYVAAGAVGSILQETSGGNPGIQSIHNNDGNGRFQQTGYKNANSGGGIFQQRFNSKLTEGDTLAKEWVLEGQWGLAKAYGKAYVDWKKVQTSKDPVDAGVFLITKYYRDGDKNSDTMQAQTLWKEWVGKLDSVEVVTAFARSKTNGNTNGTKAQNSQGNSSTISITSKGNVSLLKIDGVSNEVLTWLGLKKQETKIKTSIGKTDGVPNKTVKTLVNKNGGGYGYQCVALTQARVAQVAGIKFSFLGSGRQYAQSLEKQGRVELTKSPQVGWVFASNNARGSGHTGVVDTVYPGGRIKVTSQNWSNDNPNISSYLRIRNFEDLEKEFPEVGRNSNWGDNNQYLFYKTL,random,naive_steering,"[0, 1, 2, 3, 4, 5, 6, 7, 8, 9, 10, 11, 12, 13, 14, 15, 16, 17, 18, 19, 20, 21, 22, 23, 24, 25, 26, 27, 28, 29, 30, 31, 32, 33, 34, 35, 36, 37, 38, 39, 40, 41, 42, 43, 44, 45, 46, 47, 48, 49, 50, 51, 52, 53, 54, 55, 56, 57, 58, 59, 60, 61, 62, 63, 64, 65, 66, 67, 68, 69, 70, 71, 72, 73, 74, 75, 76, 77, 78, 79, 80, 81, 82, 83, 84, 85, 86, 87, 88, 89, 90, 91, 92, 93, 94, 95, 96, 97, 98, 99, 100, 101, 102, 103, 104, 105, 106, 107, 108, 109, 110, 111, 112, 113, 114, 115, 116, 117, 118, 119, 120, 121, 122, 123, 124, 125, 126, 127, 128, 129, 130, 131, 132, 133, 134, 135, 136, 137, 138, 139, 140, 141, 142, 143, 144, 145, 146, 147, 148, 149, 150, 151, 152, 153, 154, 155, 156, 157, 158, 159, 160, 161, 162, 163, 164, 165, 166, 167, 168, 169, 170, 171, 172, 173, 174, 175, 176, 177, 178, 179, 180, 181, 182, 183, 184, 185, 186, 187, 188, 189, 190, 191, 192, 193, 194, 195, 196, 197, 198, 199, 200, 201, 202, 203, 204, 205, 206, 207, 208, 209, 210, 211, 212, 213, 214, 215, 216, 217, 218, 219, 220, 221, 222, 223, 224, 225, 226, 227, 228, 229, 230, 231, 232, 233, 234, 235, 236, 237, 238, 239, 240, 241, 242, 243, 244, 245, 246, 247, 248, 249, 250, 251, 252, 253, 254, 255, 256, 257, 258, 259, 260, 261, 262, 263, 264, 265, 266, 267, 268, 269, 270, 271, 272, 273, 274, 275, 276, 277, 278, 279, 280, 281, 282, 283, 284, 285, 286, 287, 288, 289, 290, 291, 292, 293, 294, 295, 296, 297, 298, 299, 300, 301, 302, 303, 304, 305, 306, 307, 308, 309, 310, 311, 312, 313, 314, 315, 316, 317, 318, 319, 320, 321, 322, 323, 324, 325, 326, 327, 328, 329, 330, 331, 332, 333, 334, 335, 336, 337, 338, 339, 340, 341, 342, 343, 344, 345, 346, 347, 348, 349, 350, 351, 352, 353, 354, 355, 356, 357, 358, 359, 360, 361, 362, 363, 364, 365, 366, 367, 368, 369, 370, 371, 372, 373, 374, 375, 376, 377, 378, 379, 380, 381, 382, 383, 384, 385, 386, 387, 388, 389, 390, 391, 392, 393, 394, 395, 396, 397, 398, 399]",400,331,0.1725,0.8366187,0.022325795,0.8142929,41.30933,39.754814,1.5545158,1.1885085,0.99028176,331.0,0.8275,51.0,6.490196078431373,56.0,0.9975,0.9975915089798585,39.754814
