sequence,score
ATGEDIARQRKLTGHTALRLREPAYNIDFGAWYVAKQIRDFWTGDGQRTVELAAAAYNGGPGRLRRHLKDHTALPDETRRYQYWVGGMWSQRWARRSSVYTQWLNAGGRALVR,61.45992788
NFGSGRRQVGASTITQQVAKNFLLTSDQTYERKIKEMILAFRIEQAYSKDRILELYLNEIFFGFGAYGVAGAALTYFDKSVNELTVAEAAYLASLPKGPNNYHPFKHADRALERRNWVIDQMVENGYVTREEGDKAKAEPLGVTPRRNGSYLFAGEYFTEEVRRQIIARYGENALYEGGLSVRTTLDPKIQLIARKAMQNGLLKYDMLRGYRGPVTHID,63.1995519
MNRRSPWAAYRMVILGVVIVLAGVAFLFLRGPGFWQRQYYQLEHRDEIATSAARHRMSPYLIASVIEAESDWDAGARSSAGALGLMQVLPSTADELARRGLVDAEKYPPSDLAQPAVSIEYGSAYLRYLVERYHEVEKALAAYNAGLANADLWSAKGGDIREQIEFPATKHFVLKVSRGKDRYQALYPDAFEGQSGK,62.76842244
MGLGGPIIYGVLTIKRRLILGTLIAYGVATVATAITFPTVAIELSTDVRIHTVEAYEQVEEVEGAPIVLALGSREDEVRAYFKDIPVMAEIARCESQFTHVDPKTGKINRGRINPEDVGVMQINEYYHRASAQKMGLEIFTFEDNMAYARHLYEQEGTNPWKASQSCWQNNNLLAIR,60.14794413
MDNPHDPGGVTAYGVSLRYALETAKIRPEFRGFLDVDHDGTIDRRDIAGLTADAAADIYFNGWWKPGWYGGLTPALVAWKCFDIAVNTGPRRAAVLLQSALCWIGVPLKIDGEVGPATLDAVQAQAERDQGASLMAALRTEQADFYRRLAATGPKLAVFLPGWLNRAAA,59.76993688
MASVFEPQALRALPIMPITEARASMAPTLEVAVDESDAPEALPATPPRAVPQATLSDGLARVGAYVARRYRVSETALQKSLLRAQVSGKQLGIDPLLIVAVMAIESSFNPMAESTVGAQGLMQVIPRFHMDKIGPDAHETSLFDPETNVRVGALVIKEGIRRYGSLQRGLQYYGGALKDPEARYAKKVLAMKQRLTKVAEDA,58.55875905
MADTFPKCLAFTLTQEGGFVDNPEDPGGATNFGITLGTLRGWLGDDALGVEAIKDIPQSTVDAIYRADYWNRVMAESLPAGLDLMVFDHGVNAGPAVSARLLQQSLGFTGAAVDGAIGPVTQKAADVADPLATIAQLAALQSAYYHGLRGYDVFGRGWLARVERRKETAMAMAETASGT,57.0874354
PLDYLKFPLAYWDLIQTYAQKNELAPFLVAGIIRQESAYNPRALSYANARGLMQVIPPTARRVAAQLKLRNFQIAHLYDAETNIAIGTRYLADLLKKFDGNLYRAIAGYNAGPNATQKWWTAEGEIDHEAVVENITYRATRNYVKRVLRNQYNYQRIYGESLIRQVAGTPGN,62.15368144
MRRKKVIWVLLAVLMVVFMVINSPMVWKWMYPVKYHQEILQAAERYTVDPRLIVAIIRTESNFEEGRVSRKGALGLMQLMPDTADWVIKQGGFKELTVADLEKPEANIQVGAWYLSYLLTKFEGELVPAIAAYNAGPSKVNNWMSQKMWNGSPDSLENIPYGETRHYVQRVLYYQQRYNQVYNERLE,59.74464289
MIASEDQKFFGHEGVDWNAIQDSVAANGKKGRAVRGGSTITQQLAKNLFFDTGKSVTRKLRELIVAWWLEQDLPKVRILALYLNVIEWGDGIYGCEAAARAYYDKSAADLTPIEAAGLVAMIPKPRRTNPVVSPARFARAQKRVLWLMASAGYIEKEVAGLGTEPPPEVLDPEPPPEVPETEPSPEVPETEPSPEASPTEPPPEVPEDGARVSRHTTRAPAWL,58.23646037
MVRHLSVDGLFTATRRVALVLAFSVHAAQAAHGASSPAHVAANLDERIACSIAAAVKFQIPVNAMLAVAEQEAGRPGLRVKNSNGSFDLGAMQINTAYLVELKRYGITAQDVIAPGCYPYELAAWRIRGHILADRGDMWTRIANYHSRTPKYNAVYRRAVMVKAGKWAEWLKVRYPIYEVNELPRLD,58.236262
MSQTPPLRIEDVNLGLRDLPGRCLRSILRHWRGIVFSLCILGFLGVATLGVLYYVFILKYPGEAFRKASIQARISVETPVFYRDGKEKVGVFFDETHRRYLVVPKPGAPPPEIGPEGSGTIPRRFLDAVVASEDKKFYEHHGVDFKGILRALIANIKAGRIVQGGSTLTQQTAENIFHHGRTFKDKFFELID,60.51639557
MAIFNEAYEITLNHEGGYSNDPDDVGGETYKGISRKYHPSWSGWKIVDDAKTTPSFPDCIKYDSELNSMIMEFYKANYWDRFWGDHIISQAIANEVFDTAVNMGVTRSVRFLQSGLNLLNRNQVNYPDIV,58.04603958
MRSLFSIIITICFAASTPANATVMEFKRDGTMTVYPAVDALSFKRHAKFVSPSIPADIPADIDSIVEMASEKYGVSADLIHAMIQTESDYDVFAVSNKGAMGLMQLMPETAKEYGVIDPFNAASNVDAGTNLMSSLLKKYNSDTRLALAAYNAGTGSVSKYNGIPPYKETIEYIGKIEKNLGWQIDSKL,58.45265325
MSHSRRLFAPAVPWRPSALLMLLVLISPAALALAGEYQLHSVDHGAHPVADSNRDLLRRIQQWENTRSPEYSWEASYPAPVVSDAAIDALPPEDLWDRLREGFHLQGHNHPKIRPYLDWYARNQAYLDRVVERARPFLFDIVQEVERRGMPGEIALLPVVESAFQPFAYSAGRAAG,59.8548762
MADRELLAAARLACDAADWQLCINTAERTKTEVDLALRYPLPYAAEISAAAKGAGLEPAFLAGLIRQETRFMTQLRSHAGATGLMQVMPATGRWVAKKIGLEPARADAALADPTTNLLLGSRYLRLVLDDLSGSQAMAAAAYNAGPGRPRRWREGAVLDAAAWTESIPFNETRDYVKKVLANTAVYAALLDGRKTAPLRPRLGSSIGPRDAAAAPANTELP,61.93830236
MTDRKSSYKAPRPVIFLLTIRAIAVVLIAVLFLTRTPEKIMYPKLHWDKVEQYADAFGIDPYLVMALIKVESNFRPSAVSKSGAIGLMQIMPDTGAWAAQMLGAGSYYDDRLKEPDFNIMIGSWYMAHMLSLYNDPTVAVAAYNAGRGNVDRWLADGTWSGAAEAASDVPYKETREFIKKVMRAWEMYSDIYGPVGGLIH,60.50712077
MSIAAVTARVGEIQRLIGALNGGVAAPAPAAAMPPPAAAPAPAPTSFRSQLAAATGPAATTSLGRGGGSTQFDALIAAAAQRNGVDPALLKALIRQESNFDPNAGSPAGAQGLTQLMPGTAAALGVADVHDPAQAVEGGAKYLRRQLDAFGGDETKALAAYNAGPGAVQRYGGVPPYAETQQYVQKVLGYAAEYRTNAGGFLSTPTIT,58.35833232
MRRGCFLCCRASSPTADFATFFPRFLRRELIPKPLRIVLLLLLLLGVVGFSVSGWAPARALVVSVRDYLGVRLVENHAQLLCRAAEESSVDVALLGGIMYMESRGRPGQRSSAGALGLMQLVPAAAGDAARRLGLSEPTEEQLLGDNELNVRLGAAHLAWLLEHRGQWNLEQVLVSYNAGRSRLMGWIEEAGGYESWRAAQERAWERGEPTSGALFYAKGVLEASRTLEARGQLVPASVDGPPGS,58.49004618
MVEGIAADFDALAPAAGITTRLRICHFLAQAAHETDRFRTLEEYGGPAYFARYDGRRDLGNTQAGDGARYHGRGIFQLTGRFNYRRFGGLIGIDLEADPDRAMQPAISLSIAFAYWRERKINVAADANDVVAVTKLINGGRNGLAQRTQLLALAKTIWV,60.90590413
MRRLLPIMAPDPEIIAASQVQPEFRTPIWDYLAGLVDDERVADGQAAFTRQQAFLQGLAAQTGVDAATIAGVWGVETNFGTILGRRKVIPALATFGLH,60.57508977
MRSLLATLLLFVLLLASRADARPPSAESLVRGFVCIHHYEGAWPANTGNGFYGGLQMDYGFMRTYGREYLRAFGTADHWTPGMQIAVAIKAYVSGRGFHPWPNTARRCGLL,60.53581111
MIEKVHKQVVHWGRFVWLAALFSAMLAACTNGGSIGPRPAQDLITVVEAYLQKYQPGPLPRLFQTTYLYDRNGTLIAEYFPEGRRTWAPIARISPYLLQATIAAEDSSFYANPGVDPRRIVAAVVRNIESGEVTSGASTITMQLARNLFLGAEDRYNTSIDRKLLEAGVAQELTDLFSKDEILEMYLNLLNYGSLAYGPEAAAQVYFGKSAADLTLAEASLLAGLPQQPANLNPFVNFDAARARQDVVL,56.56749344
MFFALFILGVALAITGLGIVFFYAKPSRELAETFDLSQIDDLEVASVILDRHGEEIGKIFVQNREPIGIDEVSPNFVNALLAAEDARYYEHDGV,61.59461212
MNVLRTSLYGLLALTALVLITIGVVWNNLPALPAIESHLQSNQRGNIYILAANGELIEQRGSSNRRRIAPADMPVHLPAAVLAIEDEHFYRHVGFDPFAIVRALIANRQAGRIVQGASTITQQVAKLLYLQPERTWQRKYRELALALSLEQRYSKDEILGLYLNNVYLGSGNYGVEAASRDYFGKSARDLNLSESAMLAGLLQAPSRYAPTRDLNKARARAGVVLDRMLAIGAITPEQAALAQEHPAQ,59.23448944
MGRLCRFMLYVPVVFALASVAIVLLFKYVPLTCTPLMVVRKIQFCGDSAYQKRQVWIPLSGVSKEAVDAIILSEDAGFWHHKGVDVVELRRMYAAYKRGDKGLRGCSTISQQVAKNCFTFSTETCLRKVVEMYWTGLIELIWGKERILEVYLNVAEMGYGIYGIEAAAQKYFHCTAKELSLFDGAALAVCMPQPLLSNPVYAWDEKPLKIRYLAMQLKGKGGKL,57.23668671
MFSLAHITRNLLLAALVAAPGLSLAQVPPKKLPTYDCLRGNSRSAHCEQLLRNYWQHEPAIRAIAVHYGLEPALLMALVAIESQFNSRARSPAGALGLTQVMPDTARGEGLQDPKVNLYQPELGLATGAAYLRKMWFEFRDWELALAAYNAGPGAVRKHKGIPPYRETQAYVPMVLALYREFAWADAMARASK,58.23786926
MTTHAIDFDALGAFVMPRLFRGSLPPKQAAPLRLLIEQGLGRGKGLRKTAYVLATAYHETVRFLHMEEIGRGAGKAYGEDLPLMGTGSRVDQRRRYHGRGFVQLTWLRNYADMSVRLGLDLVSNPDLVKSPEIASEVIWEGMLEGVFGDRLSQHVRPGHLDFRNARRCVNGLDRADDVAGYAGVFLEGLRASLSPSV,60.48691813
MAPAASRPRAASPRRGPRAVSPRHVKGRLIVFRRLGVALGSALLLLGIGLTTRAVLPGSRAAVAEVETRGAQVPSNVTELHLDPALVRQAQARAEERVRVASYLAALAEFYRPKTGVNWDGIARCETGGNWAHQTQYDGGLGILHAAWVEFGGRQFAEYGSQATREQQIVVAERIHARHGLSGWGCKAYG,58.40775935
MTLSALVAIVCFVGRPILALQQDAGIPLLGDALSDHIKNAVVAAEDPRFYDRFNIGITHTTITQSLAAQLLAHSPRRHFDLQAQRLALSLWLAFRFSKDEILEAYLNEAYFGSGAYGIEAAARQYFDKAARDLSLGETAMLAGMLKSPSAYAPERYPDRARNRAASVLKAMVAAGYITAEEAERALGGM,60.8518041
MFEEMLKHRGDLRCPGSFYTYEAFIAAAEAFPGFGTTGLPATCRRELAAFFGQTSHETRGTTTNARVPYIIQFHIFHVFINFIITIPKN,59.9889768
MRAPEYTYSNFLKAIGKFPAVCGTYTDGRDSDAICRKTLATMFAHFAQETGGHESWRDIPEWRQALVYLREVGWTEGQKGGYNGECKPGCMAGPDLAVR,58.84532293
MAHRLIALMLLAFPLAAQTIPDGYRQVAAQWQVPAELLYALALTESGLRLSHGVRPWPWTLNIAGKSYRYPTQARACQALHHFIHTTPAKRIDVGPGQINLGWHRQRIASPCELLLPYRNLHLAARILRERYEERPGSWLDAAARYHRPAGGTPAQRYRNKVQRYMSTLTTAERTP,59.63603465
MMYAGFAAIVCVVGGAIAIYWHFAPGLPDHKQLVDYQPPTTTRLYTADGKLLAEYARQRRVFVPANAMPKRLILAFVAAEDQRFFRHWGVDPIGVGRALLTNFQNMGQGRRPEGASSITQQVAKNFLVGGEATIQRKVREAIL,58.1107343
MGASTITQQVAKSLIGNEVTLSRKLREAIVARRLEAVFTKQQILEIYLNQIFLGRNSYGVEAASRAYFGKSAADLDLPQMAYLAILPKAPSTYSPVSRRERAIARRGYVLEQMEENGFITVAERATANAAPLVAVPNRGSSSGRPGDYFIEDVRRTLIEKFGEDAEDSRNSVYGGGLWIRTSVNPMMQEAAETAMRDGFQRYEYARPWRGLPAR,58.43411128
NLRGGARYITTQLNRFGNIPHALAAYNAGPGRVIEYGGVPPFTETQGYVRNISKFYNEYLAVVGGADALGTLSPSDFALAEYASISEAGVYYAADSSATTEQVINRLRAIILQIDAQPNAKAAWELNTYAKAEIGRILNLRVRLMAANQQREAAYAQHLVADRLAERDFMQMGVPE,60.28433863
MTRWASSAPVWVAEALLLALILAAPARATSAAQQDPELEAVIREAIAQAECFTDHYESAVWYKMMEPRLRRLVRDESERLEILKTVFCEAHRPGEQRLPPGLVMAIIEVESRFDRWAVSSAGAVGLMQVMPFWPEKLGMRRYELTRIGPNIRMGCAILRHYLRQEKNNLVKALARYHGSVGRREYPDMVINRWTRWNGADDLGLAQSGQPMLKPAGS,56.90863164
MSRRAPLAGLALAASLLFDGSPPLRAEPQPLQEMDKLAQGLVAQDLAAAGFPLRYRHGRALYREVVKAAAERAGLPAEIVDAVIRTESGYDPNVTGTVGEVGLMQVRPSTARLLGFTGTLEEMREPHANIALGVAYLAGAWRLANGDICTAVMKYRAGHGETRFSARSIDYCLRVRSYLAEANYPVTGEVPSPSFGFIDTGPRWGFGTGSVAAARRLASHRKLRSRVAWRSYDQQMKTLDARARSSMSIIMR,63.25274658
MKSPPARVVVAEDGTPLWRFADAQGVWRYPVTIADVSPRYLQALIQYEDRWFWKHPGVNPFAVLRAAWQDLTSGRVISGGSTLTMQVARLLDPHPRTFGGKLRQLWRGAAAGVASVKKRNSYPVSEPRAVWRHPAGDRRG,59.62489573
MKRILLAAAAATMMMIHPASAQRANYESMVASHAAANGVPPELVHRVIVRESKYNPRAVSRGNYGMMQIKLATARGLGYTGTAEGLLDPDTNLTYAVKYLAGAYRAAGGDHNRAVSYYAGGYYYAAKRQGRLQQQAANAAPEGITLFDANAQAIPRKHRRHRH,58.39575195
MAKAAGPWQFISATGRRYGLRIDWWADERRDAEKSTHAAASYLRDLYGMFESWPLATAAYNAGEGKIQKAVTRYKSDDFSELIRHRYLKQETKDYVPKMLAALTIAKDPDKYGFGDVAYEAPL,57.47334544
MALFRHLSFAMFLLGLTIATPQVAPADALSLTGRSSILQGRVAMVDLSASDPADRPNATRASLFVGDGGRSFFAPYPVRLQRARLASGPAIAVPLGGGTPADRVRHLIAAAEAGRAGYDAVNYGATRRPARRPTEMTIAEIYRWIKATPGQPHAIGRYQFIPATLRRLVDITGVALNDRFSPQVQDALADVLLAEAGFHDVANGRIDRRTFMNNLAKIWAGLPNASGRSHYHGYAGNRATLTWARFEAEMSTIFPG,59.21322632
MIPVRILALLLLGVVVVGLILLPQILQEFFPVSFAELIQAAGEHHEVDWALIAAIIQVESSYSPSAVSKKGAVGLMQVMPETAAWVSSRLGKQVAREDLLDPEVNIQLGTYYLRYLLDRFSSEQAALAAYNGGPSNVARWLEEGTWDGTYEQSHRIPFAETRSYVRKVLFMRSLYRFIYPQGIQELEH,57.43055471
MAAENYEKCLEMVLHHEGGYVNHPKDPGGETNMGVTKRVYDEWCLTEDLAPKDMKELTFEDVAPIYRKNYWDRVKGDNLPVGLDLCIFDFGVNAGVGRAAKFIQSIIGTTVDGGIGPNTLKALEAYIAIEGLEATIDQYQNKRQEYYESLSTFETFGRGWTRRVEETTVEAHKLV,60.14708964
MLAEIYEVDPMLVMAVIEAESSFNQRAVSPKGAVGLMQVIPSTAERFGIERHRGQTMAQTLTDPFANILAGTLYLAYLNEKFEEDPELVLAAYNAGEGAVMKYQYQIPPYPETQHYVKKVMRRYSLLAGLDE,58.68744659
MQTGFHRALLLTAALACGLASSARADIYWFTDDDGVAHFSNVPTDRRYKPFMKTPDGVTSPSRTGTPGRRLETGARIRYAPIIDTVARRHALDSALIHAVVTAESAYDAAAVSKKGAAGLMQLMPETAQRYGVTDRLDPVQNLHGGARYLSDLLKMFDGNLSLALAGYNAGENSVVRHGYRIPPFAETRHYVPKVLDLYRRYQDEAAAGKRKGA,58.43413544
MAGLKWLMTAFLAIEALAACAFAADQTGPHEVVGVAAKLTHGGRATAKEADQRAAPLDRVASAVDEAESSHGQDVAMWRLDPAGPQGPMQVSEAAAADVGGGDRFDLLQNRAIGRAYLQQLFWRYRNWPDAVAAYNWGVGKMDAWIKAGRPAEQFLVGVAVYQRR,58.91003927
MDDPDLRLPRAYFHMRVRNSDIIPLQYSIYTILLDMTSRWWFYPALAVLALTLLPFLLLAFAAMLTYPTLPSLEALTDYRPKIPLRVYSAEGTLLGEFGEERRALIKIGAVPDLMKKAILAAEDDRFYQHGGVDYMGVLRAAYSNFTAGGARQGASTITMQVARNFFLTKEKTLTRKFNEVLLAIKIEHNLSKDEILQLYINQIYLGQRAYGFAAAGQIYFGKNLDQLSVAEMAML,62.33189901
MSLAGWLRCGPLPAGFLDEGPHKSVRVTDRAGRLLYESLSEREARSAWLKAEELPQTLVNATVAVEDHRFFSHAGLDPIAIARAVLVDLRAMKLKEGGSTLTQQAVKRLMARRRTVGGKVREMVIALRLEHRLSKLEILALYLNVAPYGNQYEGAQAASMGYFGCPASNLTPAQAAFLAGLPQRPSSLDPYRNLKGALARQREV,58.82655843
MPSPAYQASLPFVLRWEGGYVDHPSDPGGRTNKGVTQGVYDRWRAQHGLPPRHVKLIEDAEVEAIYETGYWLPPRCDLLHRQLDLVQFDTAVNMGVGRAVRFLQAAV,58.33432261
MRPWVAALTLSLTLCGWSGTARSDTGEVDAGFGANDVDFLNLMGNVEAPDGFGDVFNGVPLLPPERLEEMTIGEVLSYQRQVRAMGTISSAVGRYQFIHDTLRRLVDELGLTPDLVFDDEVQTFLARALMSECGFYDPDRDSRLLADCLAGVWASLPLVTGLHRGESAYAEDGVNSALVSPEEVLAVLDARYLW,57.06320063
MNDATLRNFRKEYPELTAEKLRADPCLNIYVGAMVLRRNFNQYGTGWLAVGMYNAGVKNREITIRNRYRYAMLIDGHYKKIKAGTIPRKVFEKN,62.28215535
GAIGLMQLMPATAQRYGVRADAKRTLQAKLHDPQINIAAGSRYLRDLIAMFDGSLELALAAYNAGEGAVQRAGNRIPNYRETQNYVKTVLALYAHLKPAATRATPAAAGTRAVGGGRAPARVRMELPAARPDADASPAD,61.44158936
MYRFDFDAGRKTLFPKGYIALQVSAIEGLVEEFNRQGLSMKEQLAYVLATAYHECHNPATPQYRMTPMKEFGGPRYLGSKAYYPYYGRGFVQLTWRSNYDKAGKRLGIDLVNNPDLALEPAYAANIIIYGMKHGTFTGKKLNDYIRPGKVDFLQARRIINGMDKSKLIADYAGLFLTCLVPLTG,59.67851766
MKKLLFISFLVLSNQINAFECKKDKLCNKIYNLMEVKDLKLAEKYTNLFKKYSKKYDIDPNISISIAKQESNLNHKTHRKTEVIIYENNCVAISDDTIKCTETAKIVKAKTDLGLFQIHVKTIQNYNLDPLKLKNNLEYMFDSHFKILKDKINACKNKKNPWTCYHSFNQKPRKEYEKLTMKYF,56.79355876
MYGVTIATDGAIGNITLTYTNNNAKLNELVNEFINQRRIYYQDLVKRKPTNQKFLKGWLNRVDITTEFVERNSK,59.08319473
MTPTEARQAHAKWAERPFARAATLLAGAIVISALGGWARSTRGHDDLLLAEATVPPATVTGDSAAEALRLARTELAQARAQLDRASALIHFSSRYQIPADLAATIYDVAVSEGINPALGFRLVDVESQFKPTARSAADAIGLAQVRLATARAVEPGMTEAQLYDPETNLRIGFRFLRQLLDRFDGDMRLALLAYNRGPARVDQLLAQGEDPSNGYQHAVLRGYRPVQVPAGAPVAAQ,61.4135437
MAWVESGFNAKAKSPKGATGLLQVMPGTARAHGATDLDDPDQVMAAGAKYLRALLDRYQGDVPKAVAAYNCGEKALDEGRITEEATRYRALVLDVLAAKAVQPE,58.14481354
MIAVPEGLGDVQARVQALQARLAALGGTAPARAAVGASALTASSGAAFEQVLAQAAEEPASGAAAASGTASWARPAALRTAGASGASGVDGASPYASLFAAATERYHLPAGLLGAVAQVESGGRADAVSPAGAQGLMQIMPGTASELGVDPMVPAQAVDGAARLLARHLDSFGSVPLALAAYNAGPGAVRRHDGVPPYAETQAYVRKVTDLMSRSTA,61.01082102
MRLIFQESVPTVYGSSFVDSVIDYSESLGIDPNWLMAVMYFETAGTFSASIRNPYSDATGLIQFMPTTAIDLGTSIDELALMSAEEQLYYVYSYYYPYRQRIKSYVDLYLATFFPVAIGKQDSYILQTKGISASAIADVNPVFDLNNDRKITVGEIKEVITNKIPQSWRFYFDGDDSKKKSLMPKVIGISLLGYLTYKIIIQ,61.60005315
MKSENTATWLRVLFVAAFLTAIVCAIALAHAEEEPPGVYFARDRGQLVQSTTTEIRSSNSVVQMVTAAAQRHGVPVNLAHGVIRIESGYRCSARNGGAIGIGQVFRATARSVGVYGNLFDCSTGLEASMRYLKLAINMHGSGCAGVSAYERGVYAPGRCTGYGRKVIAMGVRP,60.40422312
MPISLAMLCACSAFSLQKHTIAERRSRFDLPLVNATLSWPQHRLLDALAGGDFVNGGGAARSDVRAIARAELADNPRIDAVFALYLAIVTERAARRNALPPLFLAATLLQESAYNPYALSSSGAIGIGQFMPGTAAMLGLDPFDPYASIAASAHLIGGYVASYRNAPGGALHGTPYALALAAYNAGPGAVSAYRGVPPYAETVQYIALIRYRWDNMRAYEGLGRILLRL,60.39721425
MTSRRTRKSRPSRGRRSILSILLKLSLALALVGGLLLALYVTHLDQRVQERFSGSLWALPAKVHARAMELWAGLPLEPAQLERELARLGYRQVEANPQPGEYRRAGVDFDVFVRRAQHVDGEEPEQLLRIRFSRNQIAGLWDATRKPVDLARLEPPVIGSFYPDKQEDRVLLRLQDTPPLLVQTLIAVEDQSFFEHHGVNPWAI,57.68738429
MEGKGVWFDTPAEAKSYVAQHMARGARSFDVGCFQLNYRWHGEAFASVAEMFDPLENALYAARFLKELHGEFGNWTDAAGAYHSRTPKYAERYKSRFQDFVARLDAAPDLSRVAAAAPDTPAPPPAPNLYPFLKPAAAQTRMGSLVPGTGGGGAFIALPGVKG,59.26991526
MKRPTDKYNDPGPRTLRTLLIRGGLLLSLATVIGTLAGWTERVRATDSVAIPGDAGFVARRIGSLGDQLAATRGEMDLLRLQLDRANAIMANSAKYQIPSDLAASIYDIALSEGIDPALGFQLVKIESNFKATARSPMDAIGYTQLQVATARFYEPGVTEKRLMTDRELNLRVGFRFLNDLMTKFDRDAHLALLAYNRGPARVAGILARGGDPANGYSEAVLDGYQAPNSAAPGWH,57.20200602
MAEPAPAEPAAAAEPAPQPPAPAPAAVTPDELARIVPGMPAEKIAEYVAPLNAAMERGGIDNPVRQAAFIAQLAVESDSFRTFEEYASGRAYEGRADLGNTQAGDGERYKGRGAIQITGRHNYESLSQFTGIDFVAHPELVEAPENAFTTAVWYWQSRDLNQVADSAGIVRVSELVNGGHHALERRVADFQRGLDVLIRP,60.0545845
MRSRLLRTWRFLVWLLLAELLTYGVLHTAVLGYRTLSWRHFNNRAAAPGQPVPADIPYAGLINQAAGAAGVNPELVAGVIFAESSFNPQAVSPTGARGLMQVMPATWRQINSEIHATGGRSDEACYFDPAVNIRIGTAYLSRLLERYKGNAVQALAAYNAGPQAVDDYGGVPPYDETRQYLARIARYSSELRQEPFTWPGDDLNAFWPPLHLLTGATLLLLVCQGRQLRNRHKSWRWY,56.44919968
MPVLRTIAAVLTACLLWSAPAAASAQLCDEAGARAARDTGVPYAVLRAISLTETGRKRDGQLQPWPWTVNMEGKGTWFDDRATALSYVRAHHAGGARSYDVGCFQINYRWHGNAFASVEEMFDPYRNALYAAQFLKRLYAETGSWAKSAGAYHSRTPQYATRYQARFERILARLSGETPPPVAATPAPASQPARVIAAAQQYPRGATVGLPQSAPRGSLAAVLGLPAGSPILAAPGRPLY,58.31778463
MQARLQRLAERPTPLDGADAALLQKAAGTTGDATLAAQRLRGAALRLRSQQGVADEFRRGLRRSAPQLRQIEGVLRRAGVPEEVAALPLVESMYNSRAQSAVGAVGIWQLMPKVAKELGLRVQRGHDERRDNLRATRAAAKLLRRNFRLLHSWPLAITAYNHGAYGVQKATQDCGSDDLAYLIDHYKKTSWGFSSKNFYAEFLAAQALVHPAARRGAMR,56.53339386
MIFNYLQDNYPLEELPLELWEHLYPAYFEDMIREYALKYEIDPLLALAMIREESRFNAWNESVAGARGLMQIIFSTGEWIAQKLNFEDFNDEMLFSPEVNINLGCWYINYLKERFSNDLILIISGYNAGPGTTSKWLEQYDRSDLDNFVENIPYSETREHIKKVIKSYQMYKRLAQVLSKG,60.10325495
MPLIKRRALLGRLVVCGLALASIDAQAFCFDEAAARYGVNPVVLRGIAFVESRLRATVVRRNEDGSIDYGPMQVNSVHLPELARWGITPARLMDPCTNVMVGAYLYRKKMERYGNTWVAVGAYHSETPENRDAYSSKVQAAVQSWIGSVR,57.74839656
MNVTSAVAARIHRFRQRVHGTPVRWRRLVPLIPLAAALALLVGFDAWLVTCGFAGCPSPADVRAYRPDEGGRILDRSGRLIGHLAFVRRVNVPLSQVPRHVQQAFIATEDRRFYTHHGIDWRGFARATVRDIAAGSFRQGFSTIDMQVARNTFLANRYDGHSIRRKLLELRYARLLERDLTKHQILNLYLNAIYLGDGVYGVEAASRDLFGEHVSQLSVAQGAMLAALPKGPSV,60.3144811
MLWHLVLTLLFAPLPFLLERYHLSTEQPVEEEIAARKASTLIPLVTDAHSGQQRVLVYRDRRGVFHLILVRFPQRPTSSPPETRSLDTIIQRQARRYRIDPALVKAMILAESHFDPYAVSSKGAQGLMQLMPQTARLLGVADPWDPEQNISGGVRYLRSLLDRFQGDLTLALAAYNAGPAAVETWQGVPPFPETQAYVRRVKAFYQREQQTRKGNGYANTTGGYRDG,60.99144872
MRFGVCFAPPDLKAEYRGVKSRDAGCPTVSSYCHNITAEWEGGWSNHKADPGGKTMYGVTEAVYHVWL,59.60779572
MLSIVARSITFARPAAATSVPLVMMFSFAEVKPVAPAPASGDSTAVVPAAADTVSVAVAIPTAADSLVLESRLTRAELRPALEQYFGRFNNDPALVRQVARAVLREAERQNVAPSLIAAVLVTENTTLKPAAESSVGATGLMQVMPMHAGKLGCDSADLVDVDSNICHGTKILARNLRRTKSASTALLRYNGCVRGTNTPDCHRYPGRVLARAGRLRQEILAAVEPRGVEIVAMAER,57.57501348
MGPERKPPAIAVLAVLVALVLTGCRDDVPVSQDNICTVLEQRPSWYQYARESEARWGTPVPVLLAFVQFESGFRDTARPPREYLLGVLPWRWQTTAYGYAQAKDGTWEDYLAANPGPFRKRSDMEDALDFIGWYNHLSATRLGFDKTDARRLYLAYHQGRTGYRRGDWRDEPHVRGYADRVATLASRYTRQLEGCAKALACGRWYQFWPFCGDG,59.15160116
MRLTGKSNPVETDLEALQEWQAARDLRLGGFDDAADRMLSSLIDTLSTNPWALVEAAELLAAQDEHRASVSAATQVMTLFGLNWTEAHPELLRLAYPRPWAEVMALHTQSEGVDPLLLWSLIRRESLYDADAEGLAGEVGLTQVIPLTGSDIAAGLGIEYAHSDLARPELAIRFGAWYLARQLEGFSNEPIMALAAYNAGPGNAARWEAEAAIAGPDGFLAALDFQSTRMYVQYVIESLAVYKALERADQPQ,58.18396505
MPDKYNDLFAAAEKKYGLPPNYLRNFYLLERAKRGNAATALGPETKSGRAVGIMQLMPLNYNRFGGDPTDPAQSIDMAGRLSQENLRMLRKLYPDISEEELYRRGAYAYQSGYGTVRDTKGVPTYPAAIKYMKDWDALQPPKPAPDPYAGKLEGLNPYYGEELAPGALFGPASPDTVPPAPKPTGSSDVRSLKFLMDLFNSTPKAPESYPSDTYLSALRRG,59.95441437
MVEVEYDLGCSLNVPDKLLTWCDLIITHAGKYNIDPYLVAAVMLQESGGQPDVVSVSGAIGLMQIMPKDGIAASFLCANGPCFAERPSTQELLDPEFNINFGTRMLAGHIEKYGSVRDALKAYGPYDVGYYYADI,58.25336583
MTHARTIRMPIRHSVARTFAALARGLVPVAPIIAIVMAAAATGRPAAAQSASRPDPRTLCAAAIARAERDYDLPPHLLGAIAKVESGRFDAATRETFAWPWTVTARGKGRFLPTRAAAMAEIARLQARGVRNIDVGCMQINLAYHGDAFADAAQALAPVRNAAYAARFLRRLRAQWGSWTRAMGNYHSDTPRLSGPYRAKVTRIWFAERRRAARARRQSAAGS,56.00471751
MRNPVLTGGLFVHFCKKLSGIVTSFLIAVLFFVSVRLNAQESLTLREMKYDKIVLTAAARHGVDPLLVKAIIFTESTFYPGKVGKDGEIGLMQIRTVAAIDWAKAKGIPTPSKEQMYNPELNIEIGTWYITRALRRWYKNPDFLRMALAEYNAGRARLLEWMADYNHNTDLVLANKPVGKYADKVCKKYVEYVILNEKPEAKKTVKTAAK,59.01202138
MRSVKRIAAGLIVAAAGAVLATCAQPVPHVEPPQPLVSLDALADLIPSEGSATATIAAPRGLRLLVDAPRGEDVALARSILQANHRIAPIQALSFALETDRIARRASVPRDLFACLVLQESAYSRHALSSAGAIGLGQLTSGTAAWLGVPHPFDPHENLEGSASYLAMLLQRYRNRGARLQLAAAAYNAGPGSVDAYHGIPPYPETEAYVHLILYRWGRLLFDAGGARLSQGTQ,56.75668844
MNRAKFFAAARTSLFGGSLTSSQVKGTEALLDAAEGLAADEIAYILATGFHETDRTMQPIAEYGKGKGRKYGVPGRNRGQVPYGRGFVQTTWDVNYERTDRELKLGGKLIANYDLLLTDVAMAAQAAVRGMVEGWYTGKKLSDYFAGQKCDFVGARRIINGTDRAELIAGHARKFLAALEAGA,58.97055308
MKILGRWLKLLLLGLIGLFLVWQLWLLGWVLLWGWVNPGETRFMAIRLAELRQKVPEAQLKQQWVPYERISIHLKRAIIAAEDAKFVDHEGFDWEGIQKAMEKNQKKGRFVAGGSTISQQLAKNLFLTPTKSYFRKVEEAIITLMLENLWSKKRIFEVYLNVIEWGNGVFGAEAAARHYYNTSAAQLGPEQAARLAGMVPNPRYYDRNRSAQGLGRKTAIILARMPAADVP,58.98602295
MWRMAVLFISIIALNFPLEVSGHDPWKRLQEVFSSENVPKEVNKENSWVRLRVIYLPFTEKEEISGLTKRATDFKMAAYFHQKLDSYKNIILECAHHFNIPVSIIQGVIIVESGGDSYARAKISSAKGLMQTIDSTFQEAREALKNSGIKIKNNPFDPWSSIYAGSWYLDQMYRRVHGNRSLANKGRQNLWNWKKPLEYYYVGPQNGKKRKDIIVIYYSDGTRRKLNKSLYAKKVINWAKILEKMG,58.43869019
VYLNVIEWGNGIYGAEAAARRYYKTAAANLNRDQAAQMAAMVPNPRLYEHNRGSRTYQRRVAVIKRYMDYSQVPR,59.01614507
DRYNGNVSLSLAGYNAGPTAVKRFRGVPPYRETRGYVRKIQNLIADGARNAGRTIAETTAD,61.23390452
MLTAALAVVALPDPATASTAALCDRAAARAAAETGVPLAVLRAIARTETGRTRDGRLQPWPWTVNMEGKGRWFETREGAHHYTARRAADGARSFDVGCFQINHRWHGEAFDSLAEMFDPLANARYAADFLSRLHAETGDWTRAVGTYHSRSPALARRYTVRFGKIYRTVSDTPLSDPAHDGPEQMKTDTVTHADGPGPTPKAAVPRTAALGSLVPLEPAAGPAFIAIGQANGRP,56.06295013
MKWGGFHHGEERNQKNKRGKEVNYEKKEEEAVMSVILKEDHIKIVQKIKKRALVIHLVGIGLALLTLVIPLHFYLDRAVTAEIYRMIRSEYDSPSARYKLLTILRTKTLTIGQALDIADVVMGQKDVPLPLVLANMEQESVFKPEVVSHKGVRGLMQVMPVVWEMYIDQPFMKEAERQMRDPAMNVRIGLLYLSDLKKRFGDWERTLRAYVGGPSRSDDPTMDDYVNSVLMKTAFYEKEVRRKGIDK,56.63659032
MARLIVPALALALLWTTPLQANSIARWQPFITEASLRFGIPEEWIVRVMHAESRGHTSRGGKPIRSRVGAMGLMQIMPGTWAALTARYGLGSNPDDPRANILGGTAYLREMYDLFGYPGLFAAYNAGPGRYASYRAGKSRLLGETIAYVASITGSTPSRSNAPVKADMDGEKLAAASLPPKLFFVTRAAPKSPTADQQEANGTGLFAIKNPSAAGAQ,57.52546565
MRLRVEILAALLVGAFAWPAAAQECGGDFKAWKQGVAAEAKAAGVGAVGLDALEYAVIDEKVLARDRAQGVFAQTFTQFSNRMIST,59.2819163
MIRWLLALVGVLGVAAFAARRPAVASAGDMGGLVFAPWSEVPGSGAAMPDEPDQQTNFFEDVMVAINPTTYAPAAVPPDVAQINRRAFLDMIAWAEGTTGDDGYRTLFGGGKFDSFADHPRIYVPFRNTSSSAAGRYQILARTWDGLRAKLGLPDFGPDSQDAAALELIRERGALNDVDAGRVSAAIAKVAKVWASLPGAGYSQPERSLMALMGVYQQAGGNLA,60.421374
MLWERFNAGVKEYQEVNGLLPYADLINRYSRTEGISGQAVAAVIQAESPFQPRAVSSAGAHGLMQVIPSTWRQVNNEIKACTGRHTGECSRDCYFNPELNIRIGTAYLAQLYKAYNGDMVLALAAYNAGPGEVNRYNGVPPYRETNDYIDRIITYWYKAQNKPLPAYGLKSDYWKEVRSNLGWLCVLTGALIGLIIWRLLKRYRSWRWR,56.93948364
MREKLFNGLWVTLVCFVVVFLASALVEAERQGDKLYAHAVELQEHIDAQEQVIADQGGLIAAYEEQQAAVISVLTQAAETLEVVAYGPYDRKELQRLISEIADIIREVNSTLGPDQADDISRAIVTQAVAADIDPYLLLSVAVVESDCRPVVRGGSGEYGMMQVMPGTGRWIAGRLGYADFEPSQLQDAQMNIQFATYYLRTGIAEFGGDTQKGLLAYNRGSGGARKWLKENRSDEHRYVKRVIQAYGEVKT,60.2190272
MILIERSGTIETLECDNKMPTVVFNRASLAKYKIRRPGSGANLSNGFITEYDRDIILISEKHKVDPYLVKAVIKAESNFNPDAVSPKNAQGMMQLIPSTASDYGVEDPFDAKENMEGGVRYLKDLLDYFDGDLKLSLAAYNAGKGSVIKHGFTIPPYPETTNYIAKVLEYYKHLKAKNYAASR,60.8324585
MDMRQKGRMPGGMGRLLGRGLVYGSLAFGVIGALGFTVGYVRETELRGRISQLEQTIRDLQSMVNVDSERYATIQKIVAIINKHNPEMAAELKYRIADEIYRLSMRFDNLTPDFLCAVITHETGGTWDPKVVSPAGAIGLMQVMPATGMYVAEAEGISWTSAQEVLFDPILNLRIGARYLSDLIRLYGVEGALAAYNAGERSAIRWLASGKKSDQLQRETQHYVPSIVKLYHEYKAGEM,60.28196462
MNREAFKSDIIAAATEYGVDPALVRAVIHAESAFNPKARSNKGALGLMQLMPPTAKDLDVDNALDPHQNINGGVRYLSALLDRYKGDIKLATAAYNAGPGAVAKFGGIPPYSETKAYVERVGILHGRYAKP,59.69417699
MFSSTRWRHRMRLLGLGLCGLGLVGVGLLAAMEGFYRLELRRLPGLPTPPEAADRLPANLARTWWSLFEPGATLTVEPVWAWTALATVSRPLVFGTPSHLTSGWSLANAVVNSWSAHPSATGEPLSLKASQRLALGIWLTRHWSAEELLAFQARHVRLGHGVIGVSEGARRYLAKETAGITFAEAALLTSMAGLGGAQREHPECFIDRLRPRRDRLLQRLREAGVLTQAEEAAARSRSVVLRLADFTEHPCPR,58.59141668
MTLRRLSFLALLGVIVLIFLMLPSFLRIAFPLHYAELIAELAAAHDLDPAFVAAVIEVESNFRPDAVSHKGAIGLMQIMPETAAWLGEQGGQAISKEHLFDPKINVEVGTHYLKYLLDRFPTDYAALAAYNAGPTNARRWL,58.67269516
MKKLTKIIIVILILIVVIEPARDSVLKLFYPDEYSFYIDKYSHKYDLDRYLVMGLISVESSYNPDAVSEKGAKGLMQITEDTAKWCIQKFDIDATLENYTEPKENIEIGCAYLNYLFERFEDNKKNTLAAYNAGMGNVEKWLNDPEYSKDKLTLSKIPFKETAEYVQKVEKREEIYKDLYEKKEQ,60.22393417
MRFTRLLAFATWVVIALLAMAAFAAFSPSSELSDAGAPTATVLEAEDAGVLAPEVGAAAGRQAAFGFSQDMLSLAVPDTTTTTVSPTTTTTVAPTTTTTTTTSTLAPTTTTAAPPAPTPRPRVNAPLPPDQVYALVSAYFRPHDVEQAVLVAWCESRYDANATNPSSGAAGLFQHIPR,57.82660929
MIRRAPVTAVLAVVIMIALLSGCSHIFERPFADVPADLIPVFQAAAATYGVLSAAQLAAQARVESSFDPAAVSHAGARGMMQFLPTTWAEFGIDGSGDGRADPLEPRDAIVSAANYEAHLAEAVANLPGDRISLVLAAYNAGPDAVRAAGGIPDFDETRSYVARVHDWAATYRDQL,57.60282135
MKFIRKILIIIIILLISIASIVALSGYAYYSSKLKEKPLVTRVQEITNKEHFVKFSDMSTYYRNAVISVEDHRYYDHGPVDFIAIGRALFTNVKNGKLQEGGSTITQQVAKNVVFSQEQTWLRKVGEIFAAYDLEKNYTKNEIFELYVNTAYFGDGYYGIYDASYGYYNKAPKDLNLDESTMLAGVPNAPSVYSPSVNPDLAKKRQYHVINTMIEYGYITTEEANFIK,60.60468547
MAAAACEAGVPLELYDALIVQESQYRPFVVSPKGAAGMSQLMPQTARALNVSNVWDAAENLRAGARYLRAQIDAFARYDLALGAYNAGPQRIREYRGLPPFRETQAYVARILSRTRLHLALRNGGGFGTVGAIAVASVPRLMSAVTSF,59.46159236
MTGAQLMQIMPLAGRRANLFLAPLSAAMAEFDIATPLRQAAFLAQVGHESGQLRYVRELASGAVYEGRGDLGNVVAGDGVRFKGRGLLQVTGRANYAACGVALQLDLLARPELLEQTTAACRSAGWFWQSRGLNRLADTGDQERVTRRVNGGVNGLAERLALYAAARKVLA,61.91576894
MRWNALVFWGRCRRMKAQTLVPLAAAAAAQLLVVGNIAAAFAFQQKPPVETLVTVPVVAEIEQVECVRQDPVPYEPVTYQVPLDAELQSYTEKMCDLYDVPLELAYAVMQVESGFTPAAHSSTGDYGLMQINSINAGWLKDELGITDLLDARQNIQAGCYMLGMYLSEYEGNVNCALMAYNLGATGAKKAWSAGTYSTAYTDKVWNAMVGLLEGERDVS,58.74498749
MRIILKIIGFSFILLVLGAIAAGGGLLYLLHRYGNDLPDYRQLADYQPPTVTRIHAGDGSLLAEYAQENRVFVPIEAMPERLIQAFLAAEDKNFYSHVGLDRSASCAPW,57.84106318
MTRPFSIVALWLLGCTAQAQDDRRLLEAIGQVESGMNRAAIGDGGKALGAYQMHPAAWTDGNARLRAEGRATYPRTAWRDATAQDMVASAYLRWLRSRVQASGAASPSPEVLAACWRLGASGAARRGYPLTDYAKRVGNLCPPSP,55.44332631
RSQEDSFSRAYGERGGEALCHAYGQLHTGGRLYRVGQRHVPVRLVQMAPAPSNRWAWDCLYPHPYDALTTRLEDQQNIPAELLHAIMRQESAFDPTALSPVGAQGLMQLMPKTAAKTAERMGKPFDPDLVFSPGLNTTLGAHYLTLLLRMLQNNVALAAGAYNAGPAAVGRWLTGAEDIPLDVWTALVPYRETRHYIWRVVGNWARYRYLARGEAGIPTLDLHLPSGVRIPDDAY,58.67498144
MKRLWAVWRRCRWLVPAVPLLLWLAWLALPAVPLLPPEKTWSRRVMDRGGKLLHVTLANDGRYRLWTPLAELPPDLAAATLAHEDQRFRSHSGVDLRSIGRAVWGVVSGRPMER,62.23943583
MVRSARRVFVLVAVVVAATGVGSPVFANQQYEPMADHVRLALRTALNAPAAPRPIFDSVSHRIDWMADMSRRLARRVPDFTQRTELIKIIRYEAQRVGIDPQIIFALIEVESNFRADAVSHAGAIGLMQVMPFWTDVLSSGSSRELFEPRVNIRYGCLILRHYLDIEKGNLDRALGRYNGSLGKMTYPNLVYDRLDRNWGYSYVEPPKPAPRIAGDF,61.28875478
YLRWLLEHYNYDLPKALAAYNAGPLRVDKYHGVPPYYETQAYVARIIRDFNRKKLAQKKAEAAAAKKTAKATKPAARTPQSVQADALPAAGSAASTR,57.24184545
MKVFKRLLVFLLVLAIVIFIGIYFLVFFLVRDNHKPYMGYIEKYSQENKLDEKLITALVKTESSFNPNAHSKADARGLMQLVPETGKWVASQLDEEFKEENLKDPETNIRYGTYYFKHLLNQFKSVDYAIIAYNAGPTNVKNWIDGGILTGSYEDYENIPIQEAKDYIQKVKKQYNLNKKIYNIYYKNP,61.30486552
MMATGLIGSSLVIGLLFGRRIMANHQEKIDPADIYISENFSSNGSGVILFSEDVTVPSTVSADFINSRLEGTNMAGLGQAFKNAEKNYGVNALFLTGLAIHESDYGRSQIAQVKNNLFGFMAYDSSPFSSAGYFESFDACIDYVARYLSQHYLRPDGMYYNGKSIAAINTRYASDKGWSEKIAIRIRAFLNLNK,58.67118454
MRMRQVFGCKGGQAQYDRALDECRLGPDGQPARLRPKLWTEADFYAGNAEHLLSYVYADRLGNGSEASGDGYRYRGRGLIQLTGRDNYAAFTAAHNARDANDPRDFVAEPDLLVSELKYAIESAFHYWEARKVNAVADTDDLEAVTRAVNGGLNGLSDRGARLANIKKALGI,57.04662069
MRFRTVTKAALASSAIALAGVTLAAPANAATDAEWDSLAQCESGGDWSINTGNGYYGGLQFSQSTWEGYGGTEFAPRADLATRDQQIYVAERTLEGQGWGAWPACSQSLGLGSGPTDRPTPGAVTPDPSAPDLAAAQGAPEAIFAEYVPELPDTIELPAGVELPAGVELPNELAGLGVV,58.01450857
MIGLPALGGHMLRPRLTAVSFLAVLVACAAGEGSWEAEVNGLRAEVGRLTGELGLANIELHRLRKLVRYSGHYRIPADLASLIWDVSLAQGIDPALAYALVQVESGFDSFAVSRAGAVGLTQVMPRTAALLEPGVTYSELFDSATNLRLGLRHLRNLLEKTGGDTTAGLLKYNGCVRAPGCQSYADMVLGRVSARE,58.33327993
MHRILSGLLATGTLLAVMPAHAQDTTRYNQDIAELSRRHHVPERLIHRIIVRESRYNPRALHAGNYGLMQIKPATARGMGYRGSPGGLLDGRTNLTYAVPYLANAYRVAGGNEDRAVQLYAGGYYYVAKRRGMLGNLRTAHSDGAAPAPTLVATTTATPAVITEQSASAPAVQAYAASASPFSALASLFSPQEPQPAATPAPEPQVEQAALEEKPTKRKRRKHRAAHRATVPLPPTPPQVVEGAGSQ,61.93705241
MRKRIRKPVSLPRRLMRVALWSVLILFALPALGLLTYRLIDPPCTPLMLARLYLPEKDQEIRQLRHDAIALEEVSRWMLFAVLAGEDQKFLQHRGFDLQAIEQAVRHNKSHRRKRGASTISQQTAKNVFLWEGRSWLRKGLEVPLTLAIELLWGKRRILEVYLNVAEFGPGVFGIEAAARHWYDVPAGRLSRRQAALLAASLPSPLRANPARPSPQLARRASWIEGQIRRMDQEAALAALKLERPAGGKR,60.33318837
MRLRKVIAVLAITGALAMAQLVLQVPTAGAEPNWDAMAQCESGGNWSANTGNGFYGGLQFTPATWAANGGVGSPAAASRDEQIRVARNVMRTQGVGAWPVCGGPIGFAASTCRALVAWIPLGNLPHLCSVLLNPMA,58.73498027
MAKPRLNPAKMAKLENVSKIFELYGDQYDIDWVMLSAQAFQESGLDNSKVSHRGAVGIMQVLPATAKDPYINIPNIKPVENNIHAGTKYLRFIHDRYFDDPDIDKNDKVYFSLASYNAGPAKIRRMRTLARKQGYDPNIWFNNVEIVARRNIGREPVQYVANINRYYVIYKQLGIIQSQRDGIDIPTEVEIDPVQLIFESNRE,63.59825389
MPIIFEHEGGYSDKKSDKGGKTNRGISWNIWKSFAKKDIGVEPTEENLRVLTKEQAIFIYKVEYWDAHKLCKIKDNMIALMVFDWTLTSGKSHREIQKLLNEKFKADLKVDNNIGSTTIDKINEIEDQKLLLDEIAIRRKKYYKSLVEKDPIQEINLKGWLNRVDDCLQRNI,55.91819509
MKITKAEDILTLTISKDMLKQAMGDGMEFELVYEALIKQIEENGSLSLSNNNSSSEESNDESTVSYVKASAGQRLEDIPLRIRTAISESESIDSKNIVNSNEDNISSKYDSLKGTSSASMDEILSTVDKYSSKYGVDKNLVLAIIKNESNFDPNVVSSAGAKGLMQLMDFNSEEYGVTNPFDIDQNINAGVQHIKEYLDLYDGNIELALMAYNAGPGTVSRRGVKSIDDLYKMPQETQNYVTKIMKQLNGN,61.19428889
MKTVQALSCLLGCLAAIAVLASGTSAHAQSRAQYEAMVAAEAQANLVPEELVHRVIVRESKYHPQLIGRGGTIGLMQIKLGTARGLGYTGTAEGLRDPGTNLKYGVKYLAGAFRAANGDHDRAVRYFAGGYYYVAKRQRGDHLKQAKHGGAGAAPKELAKQDQMTPNNAEATAEQAEK,61.69142914
SARDLFRPEVAIELGAEYLHSLSEHFDSHPMLVIAGYNGGFGNVDRFIRENGRLQMDQWVEEIPFSQTRDYTKRVLMTYWIYHWLYSSDEPVLAIDFAPRTAP,59.35795848
MTTSFPQKYSLARGAATFLNYLHLDALVTALVFVFVLVVGVTSNFSVTRSIRLALPEFTLSSEETPAPAAPAAQVLTPALAAALDHVVQRYRVAPEALLPVFAAAQAAARERRLDPMLIIAVISVESGFNPFSQSVMGAQGLMQIIPRYHQDKLPKTAPAQPFLDPVTNVRIGAQILQEAIRRQGGLIEGLQYYAGATDDGERGYANKVLAEKLRLEQAARRKDAAGA,58.04791514
MKKRRPGAVAFRAETRPWYRRLLGVVFNRWTFAITGFLAVLGFLTFTYFWFEYSDRIDRRLLSGEVFTPTAGIYSSPKILRKGEAMSSLELVEYLKTAGYIEKNNKADAARSRYSFDANEMLIEPGETAVIDGTRNFPNLRIRFGKDNKSVDSILDLDSGSEANQAFLEPKMLSTIAGEGDGRRRTVKFADLPPHLVKAITVTEDRAFFDHYGVNIRGILRAL,60.58881124
MIRSAFLAAMLALGIALAPPARAAERDAALCRQAIATIAPGAGVPPGLLGAIALVESGRPDPATGRPVPWPWSYNVGGEGFAAPSKAAAVAAVEKLQAQGVRSIDVGCMQVNLLYHPQAFGNLEEAFDPEGNTRYAVRFLRMLQARHSDWGSAVAHYHSGEPERGLAYSRRVALARLGAAWNGGGAAPLPPQLVSGLCARGRVAALRFTAARGGHRLATPRLVCIHSGARQQ,56.74871318
MTLPHLMRTVAVASLGIAVLAIATRAHAEGGEGASVVPPEPLFENQVADAAVTDSAPEAAKADDKATTASIVPAIRIRTRVSDEARAETLKPLIQRYAAEHELPYSLADAVVRVESRYNPAARNGPNMGLTQINVRTAQALGYQGNAAGLLDAETNLRYGLKYLAQAYRLAGGDTCGTILRYQFGHRTQTMTRASRAYCAKVKVITAKAD,56.92651876
MSSEKMIHIVKRMRPSRFPFLGGLIAIAAVLGCVTFVSARGVDLPEVMHGISMVESRGRDVGLHSDGVAYGRYGVTYVAVAELQRKRLIGPGRVDLMDPDTNERMAARYVLYLKRRYGSWWRAVQQYNPRSTTYARKVWAEMDRRRKEGVPLNTPSLALND,58.88443502
MTIRIDPQDFLSFARRPAPAYAGAFDHAQAVLDRYGVTNSVLRLAHFTAQVLHETGGLRLTTENLNYRAQRLPVVWPRYFGPGGALDADDYAMAPEKLANTVYAGRMGNTAPGDGFAYRGRGLLQLTGKDNYQFAAHALHDGQDGAPDLVADPDSVLASAWALAVAAATWESKGCNHFADMNDIARVTRAINGGAVGLSERTAWFRLVYRAFWMLERQRP,57.5221049
MALVGTFCVVGTAYVRAELPVIHSLSDYAPRQASRVITQDGQLIGQFYNERRTVVPFSRIPLHVVHAFLAAEDAAFYSHEGIDYWGIVRAVLKNLRPGAHLQGASTITQ,57.65185928
MEHVPAQVLAGIARVEGGKPGTVRVDANGTRDFGIMQVNSVWLPRLYRRFGITRSALRDNVCANVLAASYVLSRDYRRYGDWWQAVEAYHAGYALGAGVQYATRVMRFAINHGFDASGQILLADAGD,57.60662079
MDHAKFFASVRMSLFGGRLSTNQVDGMEAFLSRWRVEPFDSRWLAYMLATAYHETGTMMCAISEKLSYSAAGLCAVFPKYFNAKEAAAYARQPERIANRAYANRMGNGSEATGDGWRYRGRGLVQITGRDNYAKYAIDDDPDKALDAPKAIEILFDGMINGRFTGRKLADYFSATATDWVGARRIINGTDRAIEIAGYAKKFAAAIEVAR,59.40130107
MTLAEPPPRPRQRLSSSALNPRPAVPSAYAALASPSLRQLVDAASRAYGVPDALLLAVMHVESSFNPAARSPAGAVGLMQIMPGTGERYGVRHRLADPQNNIDVGARYLKDLLVMFGGDTELALAAYNAGEGAVIKHGRRIPPYDETRHYVPLVMGLYAEYSRRLPR,60.65374883
MQITGRAQYQRCGAALGLPLVEQPDLLAQPGPAVLSAAWFWQVNGLNELADAGDFEAITRRINGGLNGLAERRALWAKFREALA,58.84870148
MIPFLRRYVLTLLLMAPLAACGGPDNSGAGDTFDPPLYPNETSELRASINTWADHYEVPRELVHKLAIRESTHRPWAVNRPYYGLLQILPATARSMGYTGNAEGLLDADANLEFAGKYLRGAWLLSDGDQQRAIFLYAKGYYPEAKARGMLVETGLVSATE,62.21771749
MKTVNIVLLVLILLIAIGIGGYFALERAAHERDLRNYPTAYTELVRSYAEEFSLDPYLVTAIMRCESSNDPNAVSKKGAIGLMQIMPDTGAWIAHKLKLDESYTETQLYDPETNIRFACWYLAFLERRLNNNETCVIAAYNAGHGSVEKWLSDPAFAENGELLTIPFPETARYLEKVRTAYDKYRELYPELYNGAVAGEAE,62.09272385
MWFDHQAFFTAYEDRFAPLTAPKRAGLDVLLGFMQLDQAIQDIRIAAYMLATVKHECADSWQPITEWGPDEYFDKYEPNTPLGVQLGNIQPGDGRRYKGRGYVQITGRTNYSRLGDALGIGDALVNDPDRALDPLTAYRMLSMGMLEGMFTGRALGDYVSERGTDYVNARRVVNGLDQATTIAAYALGIEQALYLALLTAGG,61.57786942
MKQIIVFLFIIIFFISASKITASSISGSSAALVRVYLNNDMEDIRVTKMTYFLLKYNSPLATHSRLLVEASDNYELPWTLVASIAGVESGFCKKMAKVSYNCWGWKNGRHNFNSFEDGIFTVSRNLRSKYFNRGITTPELMAPIYAPPSKTWSINVRYYMNLLEIMPSENYPLQIDL,62.8037885
MPDKISEMIERVLVREGRDQYTDDPSDAGGPTKWGIMQGALAKGRGWPVPAAEVQALRKDEADAIYRRSYR,58.6060791
MARHCLHRPARTLVTHLLSGLALGTMLALAISSRPASAPVNPLQTVTKVFFRATTAAPSAVTAQVADRQVWREQVSGYLETRWNLASGYAVTVAGAVEHAARAYQLDPMVLLAIAATESSFRHDVGNPGGGADPMEPYGIMQVAGRWHRDKFPNGTVVRTGVAENIHLGASVLRDYLDLEDGNLRRALMRYNGASDDRYSRKVAAFSRRLRAELATLPA,57.45866903
MTRAFITPDLLRAVGASAKNATTYAPLLDKAVIVQRDAFNSITSRTGVAMLVAQLAHESGGFSAISENLNYRAEALVPVFGAHRISPQVATIIGRTDSHPADQEAIANTVYGGAWGVENLGNTQPGDGWRFRGGGLIQLTGRENYAAFATAHGIALQVAADYVRAPEGAVASALWFWRTRGLINPAYRGDVSTCTRIINGGTNGLADRLARYRNALDFLEMKAAERV,58.40955226
MKRTNNQIFFNEIAKTLFNRQLTSSQKSGIRQKLKAFDKYDITDNRWRAYMLATSYHETGRTMQPVEEIGKGAGKPYGKKIKYDGTRYSTPDRIYYGRGDVQLTWYENYEMMGRLLNMPLLNQPELALKPEISARIMIEGMTRGISNRGDFTGVSLENFFNNRRDDPYNARKIINGLDQANIIAGYYYKFLHALESEALN,58.98574829
MALGFLGLAPTPGAPSVADNPRLPDTRLVGQPEVGLPADTAGAGSVYVQGANPWGAFADGYRALLGRYPWDADTAEWIMMCESSGYADSVSPDGQNAGLFQINLIHGYSTEYLLVPENNVAVAYGIYQDQGWGPWACAP,58.96092224
MNAVEIAEIQRRIGAAPDGIWGPLTWAALFAFAGCRDAGRAEALGLGGHRHLKAYGIFTPLRIAHFMAQAAHETGDFCWLEEIWGPTNAQQRYEGRLDLGNTQAGDGYRFRGRGIFQLTGRANYRDMSVAVRRDLLAEPELAADPEISVQIAASFWKSRRLSPLADQDRVEAITKKINGGLNGFPRRVAKLERLKEVLL,56.95056788
MIKNGIYTTCILFIMLLGVGKLARASDPWKTLQERFDKAPPVVEQKAGVKRQDPWARLRKIYLPFSIEQETAALRGSKDARRISLYLTKTLERYGNLIEETSKRFEIPEEIIGAVIMVESGGNPEAEAGTSSAKGLMQTISGTFLAARQGLMAQGIHVENDPFNPRSSIFTGSWYLDKMYRQAAVDKRKDIGERHYIASWRYPLEYYYAGPAYGKKKDDLVIVYAGGREMVINKSAYSKKVLNWARLIRRAG,59.97113164
MMALKYAVLAVCWLLIFIGEQVMAAGYTPGEPYRFVDQQGRVFFTDKPPHDGYVKLVKTWKGWQLPVMSGDFARNKRRYQPLVHDISRCHKLQPELADAVVYVESFYNPDAISSAGAMGLMQLMPATAKRYGVHNRRDPQKNIEAGVLYLKDLMVMFDNDLELVLAAYNAGENAVKRYGNRVPPYQETREYVHRVKQRLSLAGGY,58.46400706
METIQCRHDQSGRVRGFGTLSNIINGGIECGKGSSPEVADRMRFYRRYCGILGVVPSDNWIAINKCRLIEAVLLNYVTI,57.75096639
QNKDGSYDYGLFQINSRYWCGIGKVGGDCKMKCEDLLNDDISDDSRCAKKIYARHKFLAWNGWKSKCRGKPLPDISKC,59.99219894
MMKKSFVQIPAFFLGLFCVLFLCPSYAGADVYQYVDDQRVIHLTNVPSGSNYRVLIRERSLRSSLLPDSGPLQELVNRTAGKYGIDSDLVYAVIKTESNFNAKAVSRKGAKGLMQLMPGTAASLGVMDCFHPGDNIDGGIRYLSYLINLYAGDLSLALAAYNAGEGAVAKYGGIPPYAETKSYVRLVLANYERYRRKTAGRP,58.56984456
MAVADLSLPEAALLAGVVQAPSVLSPFVNPERSQARRNLVLRVMAETGSIDAETAAAAQASPLLP,56.80377706
MHYIRLFVLCALSLSVLLPGRGEAADLYSVIYTDASFYNGDTAQCDWITNAILYASASYNVDPLLITAVMETESHFYLGAGSPAGAIGLMQLMPATAAGIGVNPYDPLGNILGGTIYLRTQLDNFGGLGEYGVSTAVAAYNAGSAAVYQYGGVPPYRETIDYVAKVHRAYMNLYQMYQYG,58.34410604
MRDSVGMRLQNKSARLCCILLVMSGSTPLVRAEMRGIRSVVKADARTGRLVRTTVALPLLARAARPNPPELQTLVDTIAEKNQVEPPLVHSVIRAESNYNAAAVSPKGALGMMQLIPATAQRFGVLDAFDPAQNIEGGVKYLKYLLDLYHQDYTKTIAAYNAGEAAVARYGGVPPYSETRTYVARVAKNLKTAREARQHRAPVVMAATVAPAYEPIVSSVGDDGKIYYRTP,60.82559458
MPPPQELLRLAEAPLPPIQNSPTPSPGEHSSSLNRPEETEEAHMATVAVTVTATAAPQPLTYRDLFQKAAAESGFDWRLLAALAYRESRLDPLAVGQDGEMGLMQILPSTWDEFAPPEEALEPFAPEDNVQVAVRYLVYLQDTLAKWGLVEVKWVLAAYNWGPDNVRQLLDRGEGWEQLPSLQRRYVHDILGAAFGPNEDD,56.67830658
GGRSYGVAAAAEAYFGKPLSARSLAESAMLAGLPQNPAFANPVTNFDRATQRQRIVLARMVATGVITPEQQAAARAEVLKLRTASTQVLHAEHVAEMARRLVVERFGTEAYSQGLRVHTSLRAADQQAAWAAVRKGVLAYDSRQAWRGPEDTEDLPVANSPDLEAAAAQALKDYRDDEDLRVAIVLRASPKELLAQLA,60.56718445
MLKLNKKILLALAISICPLTVSFADSPDFVYIDSTEKVANLNSAITVVGDTEKLVAEKERLAAEKKAEEERLKKETEAKSQYSTQVNTSSELSQEDNNIFNYIMRTNPALSTDQALRIINAVNKNTADYGINKYIVYAIMEQESRFNPNAVGNGAYGLMQLYYSAMPYMGITVDRALIIEDNIRAGVSALSTGYKMFGDEIRALSSYNWGSGNVSKGNYNTKYANSILTRKTKIANAVK,59.92854309
MDLITLIATCAPMVAPITMKAIVLEESRGHPYAIHDSKRRRALFPKTREQAIATARELLAAGHRIDAGLAQINSENWEWLGLSPETVFDPCINLAAGERVLVDAYARAPFTVDAAISRYNSGDAERGIRNGYVSRVKAWMPKPPPDRRYEVEDVPLNDYVPTDPVVVGVSLAQDLAADAGPTDQPALAQDPPESNAKPWRFEAVLDGFDGG,57.15414937
MIEAVQRIHVRIGEIQERFNQLGFAPLNTTPPTKPFSEHLNEAMAENSVKNNSQLDNINKTDNVAATVEASNKKINTSNNDAFNGKISFGVYDDASNSFSKALNAYKKASFPSTYDDIIKEASTKYSVPEDLIKAVIKQESNYMPNAVSHKGAIGLMQIMPSTGVGLGVTDKEMLKDPYTNIMAGTKYLSQMLNRYDGRLDLSLSAYNAGPSLVDKLQRIPNIDETKNYVKNIIGYIK,58.58310064
MKRTEPIRVLSIPRLALAVLFLAVVGNLLWYSPWVQKIFYPVPHKTLIMKYASEYQVDPYLVTAIIRRESKFLPWAESERGARGLMQLMPQTAEWIAGQIPLRGYSPEMLHDPETNIRMGCWYLANLKQEFYGNIPLTIAAYNGGRGNVRQWLREQKWTGKEQTLESIPFPETRAYVKGVLHDYAMYHQLYD,57.97893651
MKGKIILLTVCILLVLPALPIRAAEPMEEEAVAQLAEEVGDMYQICPELLQAIAWKESRYCPEVESKGCTGLMQVAGRWHQERMKELGADNLKDAHQNMLVAADYLQELVETYGDPVMVLMVYNGDSRAEDYWKGHCGPSDYAEEILELSAQLEVQHGK,58.98902512
MINIKKYYGGRVLLIVTLAILVGIFAFAIYMLATSNKGLDKVTYPEKFSEYVEKYADENGLDTALVYAVIKTESNFDPDAQSGVGAMGLMQLMPETFEWIQYYTNGEVTMETEQLLDPETNIKYGCACLKYLTGHYTNESTAIAAYNAGFGAVDGWLEDSQYSHDGETLYNIPYPETEYYVEKVEIAKKSYEQK,59.1066246
MYDKKFYTLLDYVFADEGGFSNHKNDRGGRTNFGITQIAMDEYTRKRNLPHKDVKNITKEEAAKIYYELFIIWFSAF,61.29266485
MVVRESLRPVLQQCYRFGGHVTGLRDDQGRLVDGVRLLWALAGIESDYGRLAEFARHEPAYMPRGRYYTQSIEQRQAWARWGITAACSFGAWQVMAATAREMGYDGPPHGLIDHETCCRVATALITRRFVIAHGVTTLRDVFDAYNSGNARDGVVPSAYITKGLAAYGLELPTL,62.84788259
MAALAAALLASLAAAAPAEGACTVVSAGPALGKSWPERRKELLARADAAGPGATQPFQAPAPECGQAAAKTAPVRYRIGLIAPTWQRYGHLVAAAAHRHGVPAELILATIVDESGGNARAVATNPGYVSDAATPDKVSVGLGQILISSARLLAPDRKIDRAALSDPEFSIELVARFHARFYKGTGFDPQLVAAAYLSGRTPALRAGQRWMPANQAHAARYSAVVKASVAHLAAQAKAPPVSFAALLAQ,56.32350286
MRGHAGRWAVPVRRAAILVLALFFGLLLGAAIPLAFSAPLAPAADASPKVSIPASSYLYRWKLEREVSSRFDDLTPVARIAAQVHAESRWRADARSAYAQGMAQFTPATAAWLHNVCPQLGAADPWDPNWSVRAVVCYDAWLHAQVDGGSACDRWAFTLSAYNGGLGWVARDRRLAQAQGADPLRWFGHVDAHSARARWAIDENRTYVSSILRVYEPAYIAAGWPGEVVCA,58.97770818
MSADCYAESIRRLLASEGGYVNHPSDPGGPTNFGITLRDYRRYVKADATAADVRAMRVEEAKAIYREKYWNAM,61.6632754
MERGVVFAIAKRYFDLRWGLCALSLVVGLAWLHTNAPIPEQRVMPFAKPQLGQYAYSVEVAHLGARISAAFGINRVKAEEFSDWLIEASERQRISVDVLASLVLTESSFRKNVRSPVGAVGPAQVRP,57.34960938
MRSDLVDLTVRLTLVAVARMDQRWLVTALCDSRLTFLRSLKGWPTFGKGWAKRVAGVRTEALALLKAPVIATSTTLPPVGTQPPKPAMVQTGGLGAWLKSLFGGKAA,56.04059092
MNIYKDAAAQYNIDWELIAAVHKVETNYSTHPTMISSAGAIGHMQFMPATWDHYGVDANGDKEADPWNLQDAIHSAAYYLSETGAADGEIIDALWAYNHSTEYGQNVLSIAENIRRNNDV,61.28025182
MGIVPPDRILRCGRDSVDEKHAERWPDCSCGVSGRCARGCAGRRAEPDRLDQIPAGDLQVAGRSDRQEAEEAVFRLGQVDAQVQERWGRNRCCGYSVLPRRLPGRVPGSRKDRGPKAWRARGSNDAEENLEGGARYLRMMYDKFGTWELALAAYNAGPGAVEEHDGIPPFAETESYVKAILG,57.40186691
MQGRRAIAAALMTLLFDSTATLADPADTKLSDLPNSDRAIAAPATRRAEIAAIIDREAKRAGIPAAIAEAVVHTESGYVESVIGGDGEIGLMQVLPSTARMMGFSGSLTELAVPETNIRYGVSYLAQAWRLAGSDICTAVMKYRAGHGESRFSHLSVDYCVKVRTRLSARGYAVTGTVPVATFGRLAGKGKGGGGGCGGKCIGGTSGSADLEAFNSKINQIIVKITVKEIPRP,57.38344065
MVALLGGSALKAPAFAQSAAGFSNGRVEARGEIAQAVSEAALRFGLPETWIYAVMRQESGGRPDARSPKGAMGLLQVMPATWREMSLELGLGDDPFDVRANVLAGSAYLRRMYDRFGAPGLLGAYNAGPQRYANHLAGTQTLPRETQIYIQRVAPLLEQPMPMTRPVTNVDPRAAGLFVAPSATGDASIKDQTERAGMGGLWP,58.30892436
MKLYDLLTVGQSKHWAHWLWRVPLLLFIALCVWLLIFRWLPVPTSAFMLRQDVVAIFSAETPFVRHDWVSLEEIPRHMQLAVIASEDQRFAEHWGIDVAATEAAIRAEMRGRGKGGGSTITQQLVKNLFLWEGRSYVRKGLEWGIAGVMEIFWSKERILEVYLNTAQFSKADYGVGAASQYLLKKPVGKLAAADAALLAAVLPAPRKYSVVKPSAYVRARQNRILRQMRSLGGAAYLQRLD,60.50582631
MNYSLIPALIFLTIVIFSDSEDDPAKRRHYKKSERYKLTFKKDKDLDFKRVDQLTAEEQRNFDTIYNYIVKKHKNITPEDATEITQSLIDYGKKYKLDPKLAAALIARESSFNKEAISVTGAKGLGQIKDFNYKDLSIVNPFSIKENVSGTVKYLKKMIKNWEDLPESQSEGKPDKPSEKELDVKLGLASYFKGFTAVKKEGVDPKTEAYVEDIIENYKEIIKSAKKSKKKTD,57.67588043
MRPIRLALCFLAVAFSALAGEYVVLSNGFRIHASGHTVDGAVIRIQTPEGAIEIPARSVAAFEQEDYVPPPAAAPNPSKAAPQPEPTLDPHELITRAALQAGLPPEIVHSVARAESGYHPDAVSPKGAIGLMQLMPSTAAGLNANPYDPAENAEAGARYLRDLLLKYESDPHQVSKAIAAYNAGPAAVDKYNGIPPYRETIDYVRRVLADYAKQLSTK,61.46170807
MIPLSGIVSPMKPRRKQREARAHAGLWTVLIVTVGIGAALFGCYQGGMALVDEWCKDLPDVRDTDAYNLAEKSTIYANDYDEVSGTGTVLAELYLEKREPVEIDQVSEYVLEGTVATEDVRFYQHGGVDLQGIVRALFVNLAGGQEGASTITQQYVRNTLIADEMTDIS,56.44069417
NSVSEYTKLQKEISSKRQSLYTLVESGSGNLTKTAIDKINAIRAEMSALEIKKDKAYKRLKIAKDAYADKIRSIKREELGQFDGRFVPELAIPAGTRYLANIILECKSYFGGPIEMNVWRGVAAYNCGLGRTKEWNGLPYIRETVLYTRDILYNLTRMLELKYAYSTGDSDLIAKTKRKMGV,59.96007029
MSRSSQHDRILIRRRKRQRVVVNRPRPWFWVGQGVAALVLAVFLAVTAVVGVGAATVFGIYTFYAQQLPDASIIEQQQDEFETVRIYDRTGQHLLYESVDPRPFRGDRTYLPLGEMSPAVVQAAVALEDRNFWDNPGVNVRGLFRAFVSNLQGGGVQGGSSITQQLIKNVIIPVEERTQQSYARKIKEVILAMEVTRQYPKEKILEWYL,59.89732107
MASSARLSAGALFLGLLLLLPYQASASTDIPALVDKYAARYGVPLDVARNLVRVESGGRQSAVNPTGARGVMQLLPSTARALGVDINDPEQNIEGGMRYLRLQYDRFGRWDLALAAYHAGPRAVISCNCVPAKSQAYVRSILRNTRTLASPDQAPSQEKKDGAPQLYGGFQWPVRGVITAGFGRQGGRFHAGVDLSAPQGTPIGAARAGRVVLSDWHYDYGRTVILDHGEGLSTLYGHASVLLVGAGDVVE,58.78178914
MKTSPRNIGAKMIEAFRAWQLERRYTKEEILELYLTLAPYGGNLEGVRAATWAYFGREPDNLSPDQIAMLIALPQSPEARRPDLRPQAAIVARERVLMRLADQGLFQKDLAAESADYPAPKRGSFPTVAWHASEEALRRAGDPDNIRTTLDLALQKEVEQLAKRAAGTSRDGVQVAIMVVDIATREVRVAAGSANRGAAGGWIDLTNR,60.90306854
MRVAVAAALLGGLGLLAVPVAFAGAVSDHDDVVSDPVLSTEVPVYAQAPQAFVPADPSAAVVSGRVDVDPRWVARSASGAGIPAPAVRAYARAELLLHQSSPSCHLAWTTLAGIGYIESRHGTIGSRSLGEDGRSSTPILGPALNGEGAFAAIPASAMSAQWHGDAAWDHAVGPLQFIPSTWARWTSDADGDGIGDPNDLDDAAYAAGRYLCADGHDLGSGAGWGAAIFSYNHSTEYVDSVFSAASAYADRTG,59.33771006
MIGGLRSAAGAIALFTTAFPVAAQPAPSAAANGCATHAAEAANRSGLPIDVVLRVMMAESASNPRIVSPKGAMGCMQIMPATWAYLTARYRLGPDPFDARMNMIGGAMYLAELTNRYGAAGAIAAYNAGPGRYERYAKGAVPLPAETIAYVARIGASRSAPGVPPMVARWQDASLFMKRSMTAGDHGAAAAASSPPTVSLFPLAGFDKQVAPSDR,58.58751678
QIHPKIIASFNNPYEKKSWDVYRKIFMTDKRLMGGIEFFKENSKLVMQVSDSMRVDPYLLVSLVGIESNYGRHYGQYTVFNALYTLIHQLPRKGKWASRELAEFIILCHGNKIDPHSISGSYAGAFGYGQFIPSSFNNYAIDFDGDSVRHHDEWPDVLGSIANYLLKNGYKPDNDDYSKGSKNWKSVFAYNRSNNYVGVVMELRQEIKNRIIEN,59.76094309
MLRGLVKIEDGWYGNVSPTGATGVGQFTRGTWNWLATTDEGRALGMTMITRYNRDTPFDPRKNNRINTLATATLCEMAY,61.24929301
MANFNISKDITIEFEGGFFNDRSAGWTYRGITEKFYPSWPGFARIRKLTGGKTPARYKIFKDAILDAYVDEFHNSVFWKNKVTGESIANQAIANMCYDFILHKENDAIKVINNVAKVFNPYITTKQTSLSLDVVKEMNKNPLEFYASLRNARLAYYNNSRNFSKPLKASFVRRVNKLPSSIGGVRGFLNY,62.3564237
MRDYSKNGKKRLTGGQAAFLLFLFGIPAILAGVLIWEGVCFCRRYFDRYQRYDSIIEAAGRRNGVDPALLKAVIWRESRFDRDATGTKGEVGLMQIMVQFAARDWADAHKRPAPTKGALSDPELNIEIGSWYLGRALRRWAEYREGTALALCEYNAGLTRAEAWKPPDKNGTVIDRIDIASTASYVTVILTKQKEYAREFRDKASRGLF,59.38303884
MLRKIIVTILAGLLILAAIPAVLTPIYALPFINPVSTLMLRDHFTFRPYLRDWVPLDEVAPVLRYSVLMSEDGQYCRHHGVDWGEMRAVVDQFMEGEETRGASTITMQTAKNLFLWNGRSYLRKALELPLAIYLDLVLSKRRLFEIYLNIVEWDTGVYGIEAASQHYFGRPASELTARQAALLAVTLPNPDDRNPANPTRRQARLADRVQRLAAQSGDYVGCVKPQE,60.72606913
MRKKRWRLIVTCGVLLVIVLSLFKFNIIEKVLYPYPYREIVEKYAHAYGVDPYLVVAVMREESHFKPESYSHKGAVGLMQVMPNTAKEIALWLGEDYKQEVLTDPETNIRYGTRYLSHLNNRFAGNSILVLASYNAGSGRVQQWLKQLPEGTTYLIEDIPYQETKQYVKKVLRSYRIYAKIYNDRTYSLKDETNDSIK,59.35016632
MARFIAVRWGLGLGYAKTVVGAAFHAAEKYHLEPTTLLAIAARESSFRHRQDADPNNTYGIMQVIGRYHRDKFSGGVVHPTTVTENIEIGAKVVREYLTLEGGNEPRAIMRYNGSENKEDYQRSVTRLKKLFNRVAANPAYDIKEDA,59.81687673
MSNSRKKITIIIILVLVILAAFVLTMYNIVRRIYPLEYMDFIGKYSDQYDLDPYMVMAVIRVESRFRPEAVSHKDARGLMQITKGTGEWAARKLQLDDYNEDKLFDPETNIRIGCWYLNTLLLEFGNTDLMLAAYNGGSGNVAKWLMDTNYSKDGRNLDKIPFKETDKYITKVKDSYTIYKKLYGNPF,60.63117854
MDAAQVRGFEADEPAPLSLAPVVSSVPPNPTPAPTLAPDALPVLSPEQLADRAADKYGLPRKLVRSVIAAESAFQPKAVSPKGAVGLMQLMPGTAATLGADPNDPVQNVDAGARYLRDLLLKYDGFLWHALAAYNAGPGAVEKYKGVPPYRETIDYVKRIDSDYKKGN,58.64797338
MQLMPFTARWVSKQLKYAYNDDENLFDAEININFGAWYLSYLKKRFNGNTVLMIASYNAGPEAVTKWVNGNSNMETDEFIEAIPYNETRAYAKRVLRSYAEYHRIYNNSAIRWGKAVAANGGLN,59.59941355
MRSYAKTFERAKPRTQRRGLLKAPRPEDVSKIRPIVEHYAAFYKLDPALVLAVIRVESNFQPSAKSPAGACGLMQLMPGTAADMGIGRDSIFNAVDNIAGGTQYLARQLERFGQLELALAAYNAGPGNVMKYHNEIPPFPETQRYVPLVLAHYEKFKRGELASKAELPLTDPEREAGAYSLDVAD,57.81183879
MSRLTLVAIMAGLSGLAGIIFFEPPPRVTVLASASWQVIDPAAAARQRLTLVLPLRQRQQAVWPLARRAARKHGLEPALVMAVIQAESRFLPQARSHRGAQGLMQITPATARHLKLARPMDPQANLDAGVGYLASLYREYQGNLRLALAAYNAGPAKVAEAGGMPDIAETRQYVDDVLENLDLFRAQYNARAQF,60.38285955
MVGTLPPPPKTEIVIMATFNKIDLDELSRHEGGFVNHPNDPGRETNRGVTINTWNAAAAKFGWTPGVEGLKQLTQDQWVTIAKTYYWDGMRLDSVDNQAIADAIFHITWGSGPGVAATIVQLALNDIGVTVGIDRPGGKLYRGVIGPETRAGIARANPARLLEAIQKRHYAFLDALTQPGTQWNVFREGLLKRAKEWYASWTNLLGEAGQAIADSGAGGGGAIIAVGVMFVIGWIILKK,59.59713364
MVRVFWVLVAGFCALMVFEGWRLFQASARTDDLFAPYRSADYAGPRWDDLPTTQLSAWIAVEDPSFFSHPGVDLKTGGAGLTTITQALVKRMYFDEFRPGFSKLEQTLIAALVVNPRIPKEVQLTAALDRMYFGTVEGVEIIGFDNAAREFFGRPLLDLTDGEFIALVATLIGPDRFRPGSAEHDTRLTRIRRLLSGDCQPAGVRDVYLSDCDA,59.0901947
MIDNMYTVMKRINEIRTRFGLKSHWPAQMSAGRRGTANYQDYQARAVESRDRIKDQGFENGPAGIKGKNNINAGVNLLKTLLENYNGDYKKALAAYNAGGKAVDASGGVPDYSETREFVKTVINAYVRNSE,59.97919973
MDKTVPAGAAFLLDFIASKEAPRGYNTVFDNKMSMMPNPLTTMTVAEVVAQGPWRTKTFGSSACGRYQFMTATLQGLIKELGLRSTQVFDPDLQDRLGYHLLRRRKYDQFMAGTVSATAFGNQLAMEWASFPVLSDIKGAHKAVRRGQTYYLGDGINKVLATAAEVEKAIAKAKSLGNAAPAPALVVVRVAEPVVVVPATPATPVPPAVLATTGFVARLGGWIDRVFGAA,59.66854858
MMLTLPTAGEMGVDDRLDPAQSIDGGARYLRHVKDRLPDSIQGEDRLFMAMAAYNVGLGHLYDARRITEQLDGDPDRWEDVREALPLLQKREWHSQTRHGYARGGEPVIYVRNIRRYYEILTYVDRSQQQYLQLNELNGEAVDDDGLLFEIVPPIQ,62.25226084
MEAQMKEFFDTIRPLFRRMSQDQVDGCNTLLAATDGLHITFRSYLLATTFHETANTLQPITERGGRRYFDKYEPWGRIGPRLGNTEPGDGWRYRGRGYVQITGRRNYALASRVLGIDLIGNPDLALEPSIAAKILVRGCCDGWFTGKALHDYLPGDYLNARRVVNGTDRARKIAGYAETFEAAIEAMRGAASPPTTAFGR,60.21703466
MAFDIARQAVLLAAVAACCLAAEPVAAQVLEIGADGAVTRFDGPTVFTRDGATVLASTAEPPSSGTADVDTVRLQLSTAADAYALDPRLIEAVAWRESRFRADARSSKGAVGVMQLMPGTARDLGVDPFDVTQNIRGGALYLSRMLSEFGGDVRLALAAYNAGPAAVRKHGGVPPYAETQAYVTSILSRMAGSSTFAIPALGASR,58.79545339
ALGPSGGWAIPYAIVLCESGGQNLPPNSAGASGYYQIIPSTWQEAGGTGPAAYLAPKSEQDAVAQKLWAGGSGASDWVCAGLVGIH,57.02965927
MLDSPRLSGYKCAVQRRWPWLVLVFLIPAGTIVGWRYYHWRDHRYDAVILAAARRYGVEPALVKAVVWRESWFNPDARGSSQEFGLMQIRPAAAQEWAQAQKLKTFSPQQLLDPGTNTLAGAWYLAKLLKRHQQTDNPLPYALADYNAGRARALKWDKGAAATNSAAFIEGIDFPGTRKYVRTVLRRYEHYRRFFPKRIGDEG,59.32720566
MRGGSGWNQAAVSVAGAIGVMQVMPATAAAAGPLLVHRNAEVHDLADNIDLGTAILRSNLDRFHGDLVGALVDYYAGPSAVTDWSHLDADERHYVWGVHRLAVAFQQGRGRA,60.08912786
MTLTRRGALGLLAMTALASCAGGASAPKQTTKTVWLVVPDAGFDAWLAGFRGRALAQGVSPATFDAAFRKTGFIPAVIEKDRNQTEFTRTTEDYLAIAASEERVSLGRQDLARYGNTLDQIEARYGVEKETVAAVWGME,59.91922633
MSQSKGTKQIKRFFKKLRNLFFIAIIFTIIGYTIPIYFNFYRDDFDRYVDFVDVIAEANDNANNARVTITRVNPVYEQIKSTVARYNRDNSEEFAKLVYDNAIRVGIDPLFLASIITTESHWRPNVISPKNAVGLGQITPITAKELGVKHSDMFDPAENIKASANYLAKLQKEFKTKELTAAAYNAGPTKVRELGRIPRFKETLNYVDKVNKEYNSYSVAIKR,62.04702632
MLDSPRLSRYKCAVRRRGFALVLVFLVFAGLVGCWRYCQWREHRFDAVILAAATHYGVEPALVKAVVWRESWFNPNARGSRQEFGLMQIREAAAVLDPATNTLAGAWYLARLLRRYQKTDSPIPYALADYNAGRGNVLRWTKATAATNSAAFIEQMDFPGTRKYIRSVVSRYDHYRPRVPAQNP,58.36325709
MPALVAAPARGVVAAMLLAGAVPAGAEIVMHADRGSGVTFLTSRSAAPARLASTAAPAALPARAFIGLPTLAAAKAAVVSAKSPPSELVALAHRAAQAAAVDPHLLMAMVEVESGWNPQATSDKGAIGLTQLMPATARMLGVTDAYDPAQNLQAGASYLGGLLSRFNGDTSLALAAYNAGEGAVLRHGSRIPPFAETQAYVPQVLGRYARLRGGQDGSAAAPLRQPASPAQHGGLAIVSYQNPPPPR,59.12544505
MLAAALLVFVSARAVASRDPYDAVAAYVGVPQDVFYAMALAESGRVVEQQFAPWPWTLNIAGEGRFYPDRDSMFAALMEALQQEQLRIDIGPLQLNWYWQYERIASPWRITDPVVSSKLAAVLVQEHYVQTGDWWQAVARYHRPRTTTEQDQQIAQAYRARVQTLYVKQQAKHQSATRDTVQPGEVADAR,57.07009379
MEPSMLRRLAAPILVVAAALALWAAAAPARAHHRAPRLPLRICDHEWWRGTWHVKQLIKCAAHRWDVPGGTRKALAVAACESGFRPDAYNPAGYAGVFQQAVRYWPMRAAHYGLPGRSPFNARANVIVSIRMAAAVGWGPWGCA,61.07497533
MVALAGCSSAPPDTGFVAKAPDEPIPPPEPITLTPRQKLEASITRKAIAYDIPESLIHRAVRRESNYNPAAKNGPYWGLMQISYPTARSVGYNGPAKGLLDAETNLNYGVAYLANAYRVAEGDISRAIRLYSTGFYYEAKRKGLLGVMRGADSTPEKVAAAETSAAPSAK,59.24135717
MKTYIRLLIILMVIYVLGFPLVFGLIKARKHLFPVSYRSLICQVAREYHLDPLWVAALIYAESGFRANAVSKSGAMGLMQLMPETARDLAHEKKLKEFKVENLMDSKTNVQLGCLYLEKLKGEFKDLEKVLVAYNAGRINVLRWQEGEDMLSKAYPETRKYVTKIHRVFWILKFLDGIYKFE,57.20313899
MKWGLFWNENIAGRTGVNKDAFVDPATSELYPGVKDKWYYGWGPIMMSWNFNYGLFSSIIYGDKNVLLSKPEIISADGKIGFMTAILLETNLGETEGSSVKRRDGHYRDFTSKMGVDITGEKLDTLGMKPF,60.51615524
MLEYVIFIIAGCLGALIKDILEDNKIKLPKKINGELSLGFLGGVVAGGLVGYLTDGSFLASFLAGYSAPLVIKKLLPKEENQILENENNIENLIRSIAKAELVDPDLAIRVARCESNLNPNAININKDGSKDRGLYQINSKWHPEVSDEEAFDPVFSIKFFCKAYKEGHLDWWNTTKNCWKNP,59.86932882
MAARRKAKAPSRWRWLWSPVKWATVALLGYLLACTLLLVAYRWVDPPITTVQIQRYAEAAVAGEPFALQYAPVSEAEQDADARHAVVASEDARFYTHHGFDAVELRAAYEEARAGGGMRGASTLTQQLVKNLFLTTHRSWLRKGLELPLTVLAEWILPKDRILTLYLNSAEMGRGVFGLEAAARHHYGRSASELTRDQAARLAAILPAPLERRPQDMSRTSSRIQTRMRQMGW,59.07194138
MPTYRGARTNPRNEGHAAATDIAPVTLVDLMIDRVLDREGGFVDHPADRGGPTNFGITLDTLACCRGAAVTREDVRRMKQDEARAIYRNTYFTEPGLDKLPALVQHVVFDMAINHGPGTAIRLLQEVVDAAGFHCIADGCIGLQTMAAVKKADRSMGKRLINQLVDRRIQLYEGIVKGRPNQAVFLSGWLRRANEFRVA,58.79249064
MDLKTGDTRLIIDACKADGLQRSQAAYVLATAYHETAHTVKPIYERGAKAYFNKYKPGTKIGKALGNSVKGDGYLFRGRGYVQLTGRANYARAGKELAIDLLRQPDLALLSANAAQIIVLGMVEGWFTGKKLSDYINSAKSDFANARRVINGTDKADLIAGYAKQYDTLLIADGYGIAAPQEATPAPVQPAPVPPEPEAPAAAPVAPQPAQREPQPLPPPASKKPAAAGIVILIGAAIAGFWHHIVNAFWSIF,56.93900553
MLFGCGVAAVSLFIIGILITTPDIDPHKMVFAENSIIYDANKKVTEKIKGPSESRYVIKNMSEIPSNMKNAVLAIEDHTFYEHHGINIKRTMGAFVQNFKSGYKSQGASTLLSS,60.66371663
MRVRPELANRLKAFGEGKPTTAPAQKGAFKAEIAGRVAPPAHPNWPHHTRQRQYKEITTDQATKLARHAPVIQECSRKYGVPVELVCAVILQESGGNPKAVSTAGARGLMQLMPATARRFGVVNSFDPSQNIAGGTKYLRFLLDRFKGDYRLAIAGYNAGEANVEKYGNKIPPFAETRAYVPKVLAYADTIYQILRTPIASPPLPSYAKRI,60.44175466
MATALTHARPTWRCLRVIAFLPMGWASPTYAGEVPPPAYQMAAASADVPSPVLFAVALQESGAVLRGRLIPWPWTLDVAGNPERYPTRAEACIRLQHLLARLAAERVDVGLAQINLGFQSHRYAKPCDLLDPYTNLTIAARILREQHLPNEDWLLAIGRYHRPAGGDPAMRYRRSVGLHLARLLAKAGTP,60.90729523
MPKNGLVFCLHRLHFMKFMRFFLVLILTVNGQASIWDTVVRRAAVYESAMIQAGKRWGVDPRLLWAIGYNETKFVPTLRSPVGALGMMQFMPGTAARFGLKNPFDPLASIEGAARYLSLLQRQFPNRPDLLLAAYNAGEVAVRAYLQGRTVVLSNGKVINGRGIKTNGVPPYRETQGYVKQGMAILSILKVPGENATVMAREEGSEPPAEEKEEVGEKSAKSVRASIYLYGDEVEVEKTIKQEKKGSSIILYR,59.08291117
MKILFLALLSLTMASSAAFALQGKLILKSGHSFKGDITKYSDGSYLVCGRSGAVKFEKSEISRVIVYSSKDPLSESFASSLKVTPGARPAASSSATPYDNTIHKAAKKNNIDPALVKAIIKAESNFNPLDRSAKGACGLMQLMPQTARLLGVKNIYSPEENILAGTRFFKDMLFRFNGNVDKALAAYNAGPGAVDRYNSIPPYKETKNYIKTVNKNFIKYKNRDGRICSYTDANGCTTIYNVK,58.22803752
MRLKRTDKPERMVPATACIAEASDAYHVKTAAIEAVIAHGLPAGAVSAGRVGPMAIPVQWLPVFELMGIKSEDVVNDECQNILAGTWIMAYMQAIQSMQATEANYASGQYAVRFPAWLEARRKTWAPVVRRAAQLTGVPAALIDAVITVESKYNPGARSGKNAIGMMQLLDTTAALVGGGDPRNPEDNILMGSKYLAQLATKFNGDLALTLAAYNAGPGAVTKRGYRIPPFPETQAYVPQVMALYSYLQQHP,58.48131053
MTSTRRPRPGRAPAPSLRHRRRKPPRRVRKLPLVLAGLAVLVAAAGVAAGSAVLAFGERCDLTALKRPRNDQNTFVYAADNSLLGVIPTERNRQVVSLGKISPWLRKATVAIEDRRFYAHGGVDPEGIARAFWRDVQAG,57.56260173
MTMLQALPASLRLIVLGALGAALAPTSFGQVMEVGAQGVVVTSAPIRPQSPPPETKSGRAGPAAPPASLIPLLETAGREAELSTRLLEAVSYVESRFNPGARSPKGAIGLMQLMPGTAQDLGVDPADPVQNASGGAQYLRRMLELFDDNVELALAAYNAGPEAVIRHGGVPPFRETQEYVSQVMSYLAEISASETHP,58.1912117
MQSVQELAAAIVAREGGFVNDPDDPGGATKYGVTLNTMRRLGIDVTRDSRIDLADVRALTMAQAVDIYVEHYYRRTGVAALPEALQPSVFDMYVNAGANAVKVLQRLLTSMGFPCDADGQIGPQTIRAAQMAAEAAPSHIADAYGIARRNYYYALADARPASRKFARRRDGGKGGWITRAEEFIAPKYRLTEAQHQARVAAWG,61.1912028
MCAKVLIYCYYCAVTVLVVIMDKIYAQDLYISNLDDKCIQCLCAAASACNLQAGCEGGYCGPFQIERRYWMDSGRPTVANDDPDRDGAYETCGTDYSCSLNTLRSYIIRYATDCNGDGVTNCDDYAMLNYNGRNFCDKEVTRNADGREYMRRYLSCINGFLKNNIFLSNT,58.93181101
MVERREERREAAEVAAAEAAAAEAAAAEAAAPEPVSTDSTASSELSSIAECESGGDYTANTGNGFYGAYQFTPET,57.34329987
MAIEAAAAAKAWGRLDLRFPMVFASEFQNASQESGLGVEELIAIARRESALSPSAVSEVGARGLMQLMPSTARLTARKHNYRYSRSRLMVPSYNTAVGALYYRDLLTRYEGNRLQALAAYNAGPNRVRRWINGDMSAARWVDTIPFKETREYVRAVMAYNVIYRLKAGKPAQLLSQAERDYQY,58.53421783
MPYEWWARALLAGALLTAVEVGSVIGLHYAPPAASPARAAYFGQAQARDLPAPKPLRSDLGPDELFASLAGDAQDTPPPPAGSPQAIVVQAAQQEGVDPNLLLALSYWESGYRQEAVSSEGAVGLLQVMPQTAEQAGPQLLGRQVDLANPDDNALMGAALLKDLLNKYDRRTALAAYYQGEPALFGGYAAPDTWSYADGVLQIAGAIAAGQDPHSADPR,59.70028432
MTSRELFDRAIEVVLEHEGDTYTDNPVDRGGPTKFGIAQRWNPDLDVASLTRERAIEVYWERYWRGQRYEFLPEAIAIKVFDLAVNLGNKTAVTCLQRALQASGLRVVIDGILGTETCGAAEQADQKALMAALRSEAAGEYRLRVARSADQIVFQGGWLNRAYA,60.90571086
MTDRRCLAVGACLALMTLPGISHASVIDLGAGEGVGRVSGAVLDLDRPPVKSTRAAPQTDMEAAPRQVRRGRPEVEDLILDVALAHASHPALRRAGLTAGQWHAFFRSNIAVESAFDPAARSHVGAVGLGQLMPATARDLGVDPHDPVQNLHGSARYLLAQVERFGSLELALAAYNAGPEAVARHAGVPPYAETRGHVRKVMAIYRSSLGEM,59.30922699
MLAGCGVALILLCFSAIVHADIYTYVDARGVVHLTDRPTDPRYQLLMRTQPMQQPEKRKVNTGNSLGYGYGGSGYGNSYGSLFDSWGGSVEPYVGIIREASKRTGVNDALLKAVIRAESAFNPLAVSRKGAVGLMQLMPETAKRYGVKNRLDPHANVHAGARFLKDLLYQFDNDLTLSLAAYNAGEGAVRKYGNTVPPYPETQRYVDKVLQFYKQYRYAM,56.85352834
MTWKLRGLVALLGLFGLTEILIWSVPLPPRLGVSDSPVAFFRDGRMAHVLLAPDDRWRIRRTLDEVDPNYLKALLRFEDKRFYNHLGVDPIAIVRAFLSNLRAGRVVSGGSTITMQLVRMVEPRNRRISSKIIESLRAYQVERHYSKDQILEAYLRFLPFGGNLEGIEAASRGLFGHGADALSADEIALLLAIPQRPTRLRPRPGRDKILRTARSRVLDRLNALGVWDDQAVKTANSMPIPDRL,59.86670939
MREPCYRRLGMYAAIAAAAAALCACTPSTSDDAGRRSQTQPQIDMLVNNASSWRHPAYTQTLAGLTLLRDGRPFAHANLAVGHAIARVNPRISAIDALYLADYAIAAARRQMLDPEFFCAMLLQESAFDPDALSSAGAVGIGQFTLDTAASQGVNPFDVRGAIDGSAALIAAYVRAYGGYADPYATALAAYNAGPDAVRRYAGVPPFEETQQYITYVYERWARILSEEKLTRKPS,56.85296504
MASLEQDVVEPPVDNASTPDLEENSPAEAVPAARPIRAGRVTASQAPAEIEALILRHADRFALPASLVRRVAWRESKFDPKQRNGPYWGLMQIRVQTARGLGFRGEPADLLDADTNMTYAVAYLANAYKVAGRNETRAVALYAKGYYYEAKRKGMLRALIKTASVDQ,60.80832418
MVIAHLSLACLLTAAASYGVPPESLVLILGVERGKVGSESNNLNNTKDLGPMQINSIHVSELSQIMGIDMETIKNRIRDDGCFNVTVAAMLLRKHLDRDKDILLAMGSYHSRTPDIRDNYIRKIYKVAERLKIKIGGKNDVVN,61.48117701
MLLPLPRAARHLLPGACVVLGLTAGGGSPAAFANESSQATVLAAIREVWPQEHHDSAIRLAKLESGLSPTARGCAGACLGLFQIHYSANRRMLAAMGIDRPERLLDPVVNSAVAYEMFRQSGWRPWGGKP,56.61093775
MGSHGLRASIGALMAGMASQAGAAYDCTDAFGNRYLSARLIEGGVQCVPVLPPVQAAKPLTSQDVASILGLSDAALAAEVQRRGGSLLLLPPSAGAISVVPSAERVTAYDPIIESVARAFGTDVNLLRAIVHVESRFNPNAVSPKGAIGLMQVMPATASRMGLADAERNLFEPEANLRTGTRYLRLLLNMFEGQPELAVAAYNAGEGAVMKYGREIPPYPETQAYVQNVMAIYRSLSR,59.3218778
ELYGLVYPKAWNDIVVSGAAIPGIPEALAYGIIRSESAFDPKAVSYAGAVGLAQLMPATAAETAKGLKMTGYSLTNPADNVRIGMTYYSYMLNRFGGKPMRAMFAYNAGPSRMMAWTMESGELADDILLETLHLAQPMQYAKNIIQASLAYGKIHYGIDPRALLDYLVEATPLPTIAPATLVPAIPAPPVVDEPAESEPAEQQTLLRPESLAL,61.37581889
MRRLASLLLALAAWPQTHAQVMEIGEDGSVRHLGAGWATPGAAQRPSAAAHASVVAAAPPYRAAFETAAARHGLSVALLQSLAWSESRYDASAVSSAGAIGVMQLMPATARALAVDPWDPQQNIEGGAAYLRQQLDRFDGDLERALAAYNAGPGQVQRHAGVPPFRETRAYVAGNLERLAELSVAGGAASTVSLSVPQGDLQ,58.20710373
MKLRILLLILLLVPTQVFSMEVFQYVDESGTVHFTNVPTDPRYRRLQGGQKKRSYIGKDQRQKILGLIEKEAREQGMEPALIKAVVRAESDFNASAVSSAGALGLMQLMPATAADLRLSDPFDPEENIRGGIRYLRYLLGTFNNDLVLSLAAYHAGMGNVLKHGRIPPIEETQIYVERVLRFYKGYLGKKAQGLPVFKGTRPTGEIVYTNRPEKYSNLPLKQFSE,59.4983724
MTRISPEISPEMVREKVKELLPERYRHLLPVIMGIVETESSFNPYAARYESHFRYLVSPERYYRYYSSSPEIEVILQKTSLGLMQVMGANYRTMGYKGPLTALFDDWEKQLYYGVKFFLRLYEKYGNVPDAVAAYNAGSPRRKSDGTYVNQSYVNKVLKRADKWRSK,62.35188293
MPAAGVVTAIALLAALPAHACWEAAAVRYGVSSELLYAIARTESALDPQAVGRNRNGTRDIGLMQINSVWLPTLAAHGIGERDLFDPCTSIHVGAWILAGNVQRLGYTWEAVGAYNAANPELRRAYVEKVRRHLRGTGAAALSARQSHISPAFVRGDHRPPVVATLP,60.07115428
EAILAWRLEKTLSKKRILELYLNYAEWGDGIFGIGAAAQHYYRKPASGLNAREASRLASVLPSPRRHMPTGDSKFVRYRSGRIYRIMAHRGIVIPEYREIMSVKEDETEDVLPGTLAAGSNTACPFPAAPADTPGLGAPLPVTPACESDTAGAQAPPEKEAPRDQEADSRLQNHPIGPEEAGLPAAAHPGGLRGYEPAP,58.49796168
MNIEQYLDELIKHEGGYVNNPAGRGGANKYSTTEAVACANGFKGNMCDLPLDVAKDINKK,57.43179576
MKTLAAVTPLAAPAPASLDTRAASRAAPFLDLIRKYADQHGVDAQLVQRVIEAESGFDPACVSNKGAMGLMQLMPDTARDLGVADPFDPEQNIEGGTKYLAQMLERFQGDRRRALAAYNAGPTVVAEHGGIPPFPETRRFVAKVLRLPVDR,60.72637049
MAEGVAAVYAQDPAVADAGLSQAEFVRVFVALIDQESRFNPQALSPKGAQGLGQLMPQTAAQLGV,58.16953278
MFSRLTLVAALVCSALPAAANDRATIDALVAQHATTHGVPKSLVHRVIRRESGYNPRASSRGHLGLMQIRHDTARGMGYRGSAAGLLDAGTNLAYGVPYLANAYNVAGGNPDRAVSLYSRGYYYEAKRRGLLGQLRTGAQASTAPMTAVAAPSPQEPPSLLSVLFGAAPAQAAEPAQESVAGSETLADDKPKGRYRRVRQAPSRQQSVTVVQRRPGRPPARAVAAEVPAR,58.30686442
MRLGRAVCGGILLAALAAGGGLVVWKRPAAEPPPEPVRLTLHELPPEEEGERLSQYDELIRKYAARYDFDWRLIAAMIAVESRFDAECRTADGGMGLMQLMPDTAEEMRCAKPFDPEENIATGVKFLRSLCDRIPGNLTERDRLQFALAAYNGGYGHLIDARKLAKTLELSPDKWRGNVEESIQFLEHESYYKQSRHGYCKAQVIIRHVERVMKKFDEYSERFSATGPSARRIF,59.12891515
DQGDPLLWMESIPYWETRGYVNIVMRNYWMYERQAGGPSESRMALAQGMWPTFPGLTGAQGRRMAANGALLRGR,57.55161285
MRDEVIVVALLLAAYWILTDESGGSPISEFTLVGVDATAGDEQSNFLSDAVDDMTSIFTGWPPGSGPYQQLIASSASANGMPAEILAWQLWKESRYNPAIINGTIKSRVGAMGIGQFMPATAREELGSEAAALDPQRAIPGVAAYMAKLYRKTGSWKLALAAYNWGIGNVQRQGIDAAPAETVDYYTTILKKAGGTYA,59.24263891
MPVKATSGSSLRAPLRLVCAALGLAALALHPGSALADIFTYTDADGTVHFSNRRTGDGRFKLYIKGDDKGGASKRAGVAPVAPSDKSLERFSRYDAWIRQAAALYQIPEELVRAVIKCESDYDPRAVSPVGAQGLMQLMPETALRMQVRDAFDARENIFGGTRYLRILANLFNGDLDLTIAGYNAGEGAVMRYGGIPPYEETQAYVTRVRTYYARYRTTRDATVASIEP,58.85034307
MIIFGGRLIVAESALILPATTQVITEDGEYAGRLYQENRQLVKLGDIPEHVQEAFIAIEDQRFYSHAGVDFRSVMRAVYRDLIALDKVEDADQYLGRVVGEGEFTLSEMSIFDQGTYYIVPYNPLTDQTGTRSNTVRLSLLD,57.09549459
MRLLLILALAMCSGFARADIYRYVDENGVVGFTNIPPNDRSYDVYMREAPPKALRESRQTPPLKARLHNAGNRARYAGLIEAAAQASQLEPALIHAVIAAESGYNPSALSPKGAVGLMQLMPQTAKRYSVTNPLDPLQNIQGGARYLRDLLRMFNNDLKLALAAYNAGENAVMKYGNRIPPFPETLAYVPRVLSYYRMYRASS,61.12510427
MAKALATSNGGLGIADLIVQQLSPQSREGIVPTAGRDVPLRPAPRAQTTDRAVESYRKNSRLDLVRDHLKRLQAKAQANHPAAADTLRRYESEFHTAARESGLAPELLLAVVMAESSGDPQATSPSGAQGLMQLMPATAQELGVVDRRNPEENLRGGARYLSGLLDRYDGELPLALAAYNAGPGRVEKAGRRIPDIGETRNYVEKVTRLVRELGYGTDLAIEAGKTQARGSSTE,58.8208758
MRTGRMMLILAALGAAVPLAAWAVRPPQQFAGPSDALWAAIVSVESGGNAGAYNPHDGATGPAQIRDVCLADINRIARLRGRTEEFAAADRLDPQAARRMWNLYLDYYGREYLKATGRTPTDEAYARIWNGGPAGWRKSSTLAYWQRVRGAMAARAAAPEPADAP,60.50765991
MVSRHFGFPPLVLPALWANEGGAPGQIVPDTNGTADYGPLQINSVWLPLLRPLGITGRLLADDGCLNVAVAGSILTTERLRAGGNLWRAIGWYHSTTPSLARAYRDQLLRRLGAQWEALYGH,60.2179629
MAITITTPDWTKVRETVTVDQLHSDHRLWRQMHFGDWDGVDPAYRTTALQAMARSYEQLFRGPGSWHHMTAEDWDDVPQPVRSMAYLRMIWHWARMEGVGAEFGLVPEHVAQTIGAIVMAESWFEHRAFNQNQWGNRDLGLAQCSDYCREEIAAMVARCELLFRPTEADYFNPWMATRIATLWFRRELRLAEGDVDLATRAYHRGIAHAHDEKADIYVARVQQVLDRYIRAQGKSETWRFLVREIGAL,57.95479711
MDKKRIEAGKKKVRQKTVERPLYRNPVAIIGSFIVLLFIAGLIFLHFLMQGLPSIEELENPRTDVASFVMSRDDVVLDTYFVENRTYVPYDRISTHVVNALVATEDHRFYDHWGIDIVRTAAIPYHLLRGRRQGGSTISQQLARNLYKSIGREVTPTRKLREIITAIQIERSYTKKEIIEMYLNTVEF,60.17314275
MEMNRGQQEDVSMSVLLRVMSAVGRWIITHKKIVFIYAPTGLVVFFSVFVVIVFFMWRNDRDEAMSKLAKYKQLIDRTEELKRGYVYTYADVDVTAKVVDIPTRIFDRNDEIIGGFFEQKREIVPYEYIPAWLVKGVIASEDRDYYQHSGISYKGIFRAFLVNMANFRVVQGGSTIT,58.7793986
MLLVTPSVSGAWQLARSEAVSHHSVFPGPAVPPRFATSLEATEDHRFSEEPGVDPIAVLRVIEGKITGKGDQGGATLYQQLAKMLYTPGRAGLRVEAEQVALA,57.91715876
MADFEKAFLATMGHEGGYVNDPDDAGGETYRGISRVAHPEWPGWALVDRVKTIFARATWNRQLLDQPEVQRHVRAFYHEQYWSKIGGARLEQPLAEVLFDMYVNLGSTIRYLQRTLNVLGASLIVDGHLGPATTSACAALPERDQQAAVTLLRCLRGMHYLERCEAHPDQKKYLHGWLRRVGP,59.30559158
MADVNKLAPFILKWEGGFVNDSDDLGVTTNMGVTIGTYEAYCRKKGYPKPTVERLKNITKEE,60.49200185
MAKKRKKTKKVKIRRKRILYSILLAIAVSIILSGLFVLSIYIGMFGKLPESEEIIGIKQDNASLVYAADGTLMGKYYVVNRQSITNKSISPFVRQALIATEDNRFFEHHGIDMISLGRVLFKSILSGDANQGGGSTISQQLAKNLFNRKDYGILSLPVNKIREMFIASRLEDVYDKEEILTLYLNTVSFGENVYG,60.85563914
MRGWMIALVIVLGVPLVMLGAAAGTAYLIYSDFANDLAPPDEIEETQQLLGSSRIFDRNGEEGVLLFEYARPSDGLRAPVRLHRVSQHLIDATVATEDATFWTNQGINFRGLLRAAWENFGVGSSDFLGGSGGSSITQQLVKNVLIPPG,58.06098684
MALLSPSLGVSPVWANTPSLLQLIHRVAVQEGVDPALLTALVATESDFKAHAVSPKGAVGLTQLMPGTARDLGVGNRFNPEENLRGGARYFRQMLDRFSRLELALAAYNAGPGSVERYGGVPPFAETRDYIRKVMTYFGNRQMRQVRIEVEEKRLYRYRQANGTLVITDAPPPRSMGAVRADDWKSPGGAPPRMIIGSVKRRSRDVATGESLSREIAIGSWQGRAMADARIGKRSDRLKSP,59.39614614
MAASGMLRRWFCLIGMLIVEGVIFGLAFYGIHFCRSAVWRDFNAAVKEPVTVNALPYSTLINAAAGEFKISPAVIAAVIQAESSFEPKAVSPAGAYGLMQVTPGTWREVNEQIKACSGRHAGSCDSRCYTDPALNIRIGTAYLAQLYTRYHGNMVLALAAYNAGPQTVAVYGGVPPYGETAAYIERVISASYRFRHKRQPDYERWTARWQAAGGLVAGGMLITAGMLFFTGRVLYRRYRGWLWK,60.03945796
MATLTPITALMLVVALMLAVPVAASASAAESPVEIAPAVERWRPYIVEASRRFGVPQAWIATVMHTESRGQTHRTGRLITSHAGAMGLMQLMPGTWDAMRRKHDLGSHPHDPRDNILAGAAYLREMHDRFGYPGLFAAYNAGPARYAEHLRTGRPLAHETRDYLAQLARTPATPSMPPVMLSGTRLFFALGSDMNPASPSSGEATSVPEKSMSGGLFAHLGGAPGGER,60.29059982
MRYVAATVVATTLAVLVPARAAVASPSPFSGPWAGRSSHNCARDHWPWGCLAKCESGGRWHANTGNHHYGGLQFRQATWVAFGGRRYAPRADLARREQQIKVAKLVVRAQGWGAWPVCAKRYKLRGHTRVMNPGRTF,55.89490255
MPHLIALGAALLLTGSAWASPYRLQLDNAPAYRLTTTAPATASQPYAAEIAAAAHKAGVDAALVHAVIAIESGYRADAVSPRGAIGLMQLMPATARRFGTDDPRDPQANLQAGTRYLRFLIDRFPARKDLAIAAYNAGEGAVSRHGGIPPYPETQAYVPAVLRHLATLQGQAGKAASRHKFTGQPAWQRHEPNGSAINHSGITVF,58.60722733
MKCDPELTGEAYPCYDFYMRIILITCMFILFITAFGNLSHARIVKYTDSKGTIHYTNIPEARVHIEAPLDHRKDYDRIIINKSNKYRLEPSLIKAVITAESNWDPGAVSKKGAVGLMQLMPSTAREMKIDPFSPEENIEGGTRYLRYLLDRFNDQLDIALAAYNAGPTVVEKSGGIPSIAETRKYVRQVLSNSNSVVRKGPSQIHKLFLKDGSVIYTNTPSFYKNHTLPNL,56.67402267
MRSFKSSIRRFVLVGTAVLAVAIGGAPAVAQDEAGFQTYINGPLREQALREGVSARTLDAVLPSLTYNPRVIELDRDQPGSSTAAIPAFAPYKARHVDAARINR,56.1622378
MKTIIYYLSIILFLSPVIAQASCLSSAAIRWDVPEIILEAIIINESGGKPDARNINKNGSHDYGLMQINTINIDPLKSQGIIKNKQALMQPCTNIEAGAYLLSQKFKKHGYSWRAVGAYHSETAHYRDKYASKIMKIVNSGPDFAQRNASLLRSTPTY,60.62153625
MKLAERWFVWAGIVLLGAIALAGLIVAIYAAWLFHDLPDASELADYRPPTATRVYAGDGTLIGEFSDERRIYVPYEQIPLPVVQAFLAAEDRNFFQHGGIDVSGIGRAMFKNLFNVVSGRRLEGGSTITQQVAKNVLLTNESSLNRKLKEAILSSRLEATLTKEQILELYLNEIFLGYRSFGVASAAYNYFGKSLAQLTPDEAAFLASLPKGP,62.0155894
MPFAGQRAALYLAPLTAAMQEFGIDTPVRQASFLAQVGHESAQLRYVRELASGAAYEGRGDLGNVVAGDGVRFKGRGLLQVTGRANYAACGVALGLNLLAAPQLLEQPVAACRSAAWFWQSRGLNLLADLGDQEKVTRRINGGRNGLAERLALFQVARKVLA,60.30047353
MSVFCARLAPVRPLLRGGLVLLCGLLSVPASAEIYSYRDSNGVTVYTNMPGNDPRLKPLRRDDFTRSYRSTAQYFVDAAKRREFAAFIEAAASACAIKPELVHAVVTVESGYQAAAVSPKGAVGLMQLMPETARQYGVANRRDPQQNLRGGTRYLCDLLAQFNNDLSLALAAYNAGPNAVNRYRGIPPYEETRNYVDLVLDYYRHYRSSL,57.45625305
MDGRGERIVETTTIGGVTLTEIRSSTVLLYPVAEVVVVGARRPTRPDPAPEPVPVPAPAPEPVAEPEPVAEPESESEPVAEPESEPAEPEPAASSAYEAVWDQLAECESGGDWSINTGNGYYGGLQFAAETWSGLGGAGLPHENSKDEQIRLATILRDQSGGYGAWPSCAAQLGLPT,60.80932744
MNRVEPHNEPSYDALGCRTFSHKGSAIFSACAVVILTATWTPSVLSDVQVDEYVGPMELVDPTTVPTDEPAATVHRNVRYHRGVGNLELEQAVIRAAQQHHVQPALLLAVMKAESSFNPIVVSKAGAVGLMQLVPETAIRHGVRNLYDTNENVTGGAKHLRYLLNRFHGNIRLALAAYNAGERKVDRYGQIPPYKETQDYVKKVLVYYRSYKRDGWIMPVAIAAPSMRAGRPY,60.2146759
MRKKISTALSIVAVLLLMVPVVYYGFPKMFADTLYPEPPGEIRGIIDECAGIFGLDKALLVATMLKESGFNQNAVSPAGAMGFMQLMPATFAGLKNRVAELQGKITGDPFDAKTNICLGAAHFAGLMGTYGGNEVAALIAYNGGDRAARRYLSSGTTSGLVAETRNYSPKILAAREYYATLYGSSSSQAGGSEGVSVLTVTGIKATKTPEPIRVEAKGSGDVTGAFWKAFINDYFKTLISR,59.75096639
MTIAVSLILSCFVTVSFFTYKTYANNVDAFVENELAFSPININTIVSSATLTNDTIIIISNPVSQFDHSNMDLPTTYDSYIEEAANRYNVSVELIKSVIKHESNFNPNAVSRVGAEGLMQLMPNTANGLGVQNSFDPKENINGGTRYLRYMLDRYDGDIVLALAAYNAGPGNVDKFSGVPPFRETENYIDKVLSTYHQLNSRYVNLTY,59.81357066
MMRAGIGKGHAAMISDLPMLVAQCAPGVHPVTMQAVVSAESGGNPYAIGVVGGRLVRQPRTLDEALATVSALERAGWNYSVGLAQVNRSHFAEYGLHGTAAFDACRNLRAGADILARCYARAAGRARAGQAVLHDGLSCYYSGNFQTGYRAGYVQRVVMNVAQVAAPVTAGPARLPTVPAIDAEAIPFIPVVSERVSRAVRLVPDSGQRQGETDRTNQGGVSDAPSAPDTPNDNAVVF,57.04676056
MASGTSRTPATQSPSPAGRGGGVRAGRTSSPEKKQEPKGFPRLFRRLLPWLRWGTVAVLSLLLVLDLAFPPPLPKSRDTSTLVVARDGTPLRAFADAQGVWRYPADAKTVSPLYLQALLTYEDRWFWRHPGVNPWALLRAGGQMLAERRIVSGGSTLTMQVARILDPHTRTPWGKVKQLLRALQLEAHLDKTQILDLYLERAPYGGTIEGVEAASWAYLGKPAARLSHAEAALLAVLP,59.50484467
MKKLLFVIFMLCSAAAWAQDIYDNAELVTGCPAWILRGIAGTESGYNPAAVGDDGISVGMFQINERYHDERARKYGEYNPYNSEQAVLIAGYIMADNIRRLSDILDAIAAYRQGVTGVRKHGRTEWYVNKVYKYGVKKYHE,60.67221959
MQRFSDTNTYTADADAVTGGISNYISSSMFDQMLKYRNDPSNFNYGPAGRAIGVDHLNNPDLVAQNAIISFKMELSVDMGRMLGLKIGLDFTRDIVAYLELEQRIT,57.838178
MCLLLVVFPSPPARVTVEDIMKWAGECNEPVLLVAIAKAESSLRPAVGNPVSGAQGLFQFMDGTAKDIGDRFGYDFDPLKPHEATLAACIYLDWLLLHFDELDHVLMAWNWGFGNTVAYLNGNAQLPRETEVFIRRVRENLRTLGYVH,58.58172353
MFVGPVPRANKGLEWRPIGLEWSLPMMRSFFIWAGLSLLVSVVAIWARWRAPMIDMGRYDTLFEEVAAPSPLHPALIKAVAWQESRFDAEARGGVGELGLMQLTDMAAYEWADHHRQVAFKPEHLLDARTNVMAGTFYLAKLVKRYQDLDRPLVYALADYNAGRKPVLGWMEGAGATNSQVFLEQMDYPSTHEYVLRVLKYAEDFRYDFEPGPQDPAGEMIPEELRENPHSDRTPPAQSDESTP,57.80372365
MSRIFLVVPVGLAALALVVTAAWAGERRAPAAADLGIAIAPAAQSQPTAEPAPADAGAAPRPDPDWVSTVAARTGVTERALTAYAAASLRVEQEQPGCRLGWTTLAGIGQIETGHGQGGLDAEGKSDGAIQGPALDGTEGNAAITEDGAPDRARGPMQFIASTWRAWAADADGDGEADVDDVDDATLAAARYLCASGADLTTPAGWTQAVHSYNHSDEYVRAVLGAANTYAARSR,59.28014119
MTDNFSTCFAFTVGVEGGYTADPSDDGNWTGGAVGAGILRGTKYGISAASYPNLDIKNLTAADAERIYRADYWPGIHGDDLPLPLARVAFDAAVNSGVRRSTIYLQQAAAIYVDGVFGTKTMAALVKGDAVRLATDALCYRAIYLSGLPTWGVFGLGWMRRVLSLHQAVIAP,58.2618192
MQLNSIVIDEIDRSDSEKIELKNKLKARSDKKTNWAINEIIAMCEIEKKFNIDFNNVNGSWAGAFGIPQFLPSSYLRYAVDGNNDNKIDLFNMEDAIFSVANYLNKKNWGTTVEQQKNAVWSYNNSWDYVDAVLNLSQLIKGNSKK,58.83398056
MKEMHQETEQGEQYVPVNTNNILDINGFLNNSIPLNIPLQRIDLHDNNFHGNNLDNNIDTGMDTETHIDTDAGAKTDIRSAIEAAIAKASQLYNLDANLIRSVIKAESNFNPKAVSRAGAMGLMQLMPKTAAGLGVTDAFDIEQNILGGSKYLRNMLDIFNNNLELALAAYNAGPGNVKAYNGIPPFRETRNYINTILNNLKQLNKTGNE,58.77971395
MGYDDISTIVGRNNQSGRSNDLLICLIWKESSFDPLARSEPDARGLMARGLTQMRRGASHDIRRNYRDLLRYRTKRKRRFNIFGAADRLDKRRYRFWVRRIWP,57.62328593
MRTRLALAVGPAVLALGLAVAVTQIARGDNLASGERPDSGRPAAAPETTVYGDAQAVQQGAAAAAYADAMAQAEIQRYWQLMDDARRAEAARQAEAAAQSRQQGSGSARSRCAGGLACIRECESHGNYGAVSSSGTYRGAYQFDQRTWES,59.6410497
MNLNSERVVHANRLGQEFEIDPPLIYAICERESRGNQWAIRPEVGYPYVWDVHAWRPFRTLTTEERFSKTPPKDFAYLAGSRTQEWLLQQSSIGRGQIMGANARAAGFKEPFLTALCDPWTGTYYAVKHLAGLLKRFGFPGGVSAYNHGVPHGKNDPYLVEEGVNPGVLVWLERIKAAWPKEAA,58.65815608
MDITIHHMQPILDLIGKYESRGDYDVVYGGIPKAQRPVKLTAMTIAQVIAWQKQVVAAGAASSAAGKYQIIRKTLEASVSALRMNTARLYDRATQDELAMHLLRGRGIKGYLDGAITQDAMVLSLAKEWASLPVPSAMRGASRQILAGQSYYAGDGLNKAHATVAEVRAALAQAKARHDAAATPAPVGPRPSPGQPPAPAKPVAAGAIVAVGIALAIIAIIFFGG,58.84360631
MKSTKIPGRDKPLALYQLSVYFRDKGLGRLSIVTAARLITLSPAGDPENAPIFVQRLFYPILFDDVIFAEAEQHEVDPALLLAIMRQESLFEQSAESIAGARGLMQVMPATGDYVAERSAFERVYHPDQLWLPYISVKFGAWYISQQLGIFDGNQFAALAAYNAGPGNVLEWIKTSDDLDIFVERIPFRESRVYIRNIYVNLAAYRRLYGPPVEEAAANPQ,61.37931315
MFRVLRWLALLTLLLLPQPALGQEAEEGTCYALGGQDICIAELNYRADVCAAIAAYARHWSLPEGFFARLIWQESRFDPSAPQQLSPER,59.2705485
MTDRAIRYFAALLFMASLPALAAEPAPASPFRLHLADAAQYRFQSYDEEKRDDERRDEGAPEHPFRDALHQAAIAHGVDAALLRAVIGVESAWRADAVSPKGAIGLMQLMPDTARRFGTTRPQDPAANLKAGAAYLRHLIDSHDNLGLALAAYNAGEGAVQRYRGIPPYAETRQYVPKVLAAYDRFKASSASPYKLRLPAIPISHHH,61.75907008
MKDTGDADTGGPGIADIPGVYLAQYRAAADTCPHLDWALLAGIGKVETDHGRLKAAGVRSGANFAGAKGPMQFLDPTFEAVRARHPGIGPDIYDPADAIPAAAHYLCDSGLAAGDQRRAIYAYNHADWYVAKVQGQAAAYRRSA,61.15447108
MIRVNDIYVDNIYGNIMNVETSGASSKTAIAYGNGLTGGVQASEKMASDDLDRMESYKTIIGNVARKHDVDPALIAAVASRESRGGAAISGTKGLGDNGNGYGLMQVRGLHLYSAAITYYHVKGLMWCDKSISLIMTHSSSLKQPQYLCLASTIL,59.78685252
MTDRFPACLPITLAYEGGYVDHPKDPGGATNLGVTIGTLSGWLGRPASKAEVKALTLKAVEPIYRKYYWDAANCGRYLPGADLCVFDASVNSGVSRGKGWAAQVKAGADARAFVAQFCDIRLGFLKRLGTWSTFGKGWSRRVADIRAKATTMALAWMGVTGSAAKVTLLLEADRSEGKANRDATAAGTGSASVAVSPVAADGATSWGVIAILAVVVLGAVAFLVIRSRNRRDEATAFRQEAANV,57.81742986
MICAALGTIRAESEGFLPISEMQSQFNTRPGEAPFGAYDGRRALGNTEPGDGARFKGRGFIQLTGRANYRQYGQRLGVDLEANPDLANAPEIAALLLALFLADRADATRSAIASGKFAQARRLVNGGVHGLDRFKDVFRLADQVWPVAAPAASGATRRRRGRQPVAAVAHVAATSRFLTAGKDPVDLRDRAYTPAP,57.95726267
MAKVSLGRALRIIGGNILLAILLAGVVNVLMYRRAIHRFDPMITRSAGRHGVDARLIWAVIWQESRFRPDAVGTKNEVGLMQVTEPAGREWARAAQKPTFRREDLFDPATNIEAGTWYLARAIRRWEHCDDPLPFALAEYNAGRSNVLRWYENSGPDGLRFQECIGYPTTRNYVKQILRKYRD,58.69726181
MLHLSRTKKNEKYKPLKNLERESDNEEGDVARYEALVNALRDNEAIVEPEGPLAGFTNLPDVSRARGVPSSLTPQRWAVRPFPHPGARGAYMQLIEDAAASHALDPLLVYCVAELESGFQSGAVSPKGAQGLMQIMPATQKELGLSSPFDPAQNIAAGTRYLRWMLDSFKSVPLALAAYNAGPEAVRKYGGVPPYGETRRYVAFIMSRYGRLKGLEMEREENAG,58.54746246
MADFNLYKQTALKFEGGYQKLSSDPGNYNSRGDLVGTNMGIAATTYEKWLNRPPTVEDMKSITVSIASEIYKSWYWDTVRASEINSQAVAENIVDHAINAGPRTIAKIVQGILNKYYKKNLVVDGAIGANTIKAINAVAPTKLFQKISQYRLEYYNSLNNSDWISIWHKRVKSLADKFGILIEKKKYLEHL,63.02281825
MSKSTSLTSEDIKKYNKRLWKLLIGGMVFFAIFIVLIGFGIFGEIPSFRAIEHPKSNEATEVLSEDGKILGTYFVKNRSNVNYSQLSPNVVNALIATEDIRFRSHSGIDFKRTFTIFA,58.70403035
MLDISDHDISRGEPVREAIVTECAENAAYRRNIDPDILLSIILEGERGNNGSVVSNTNGSYDLGVAQVNTIQFTEPWFKKIYPDWKTVANNVCVNISAAADVLKRRIDELSPGESIWNAVGHYNSKTKLIKLTYLRKVMIGYRKRAELRGSGFNVEQIK,59.29731242
MEAAYRIELLNVPRPVRPRRELAKMAAEALSLDLTGSPVAEIRPIWPWHVAGFLAVAFGNEFFPLGSRTSQQTLKSSSLQRARAVPTTTLVYDTLIAAGIPPDFYRRFALQMWISRNWTGAEALAAWADSNRMAERARLLYGKELSSLDAVELAGLVSFLRAPFRMRKSAGAWFAARRDLLQRMADTQLITESARAAADRLPLPAPPLTTPASDAVDGP,58.91804377
MGALRIAVAAASFALAAPANAESVADWHPYVAEASARFGVPTAWIERVMRAESNGQTTLNGRPIRSSAGAMGLMQLMPATWADMRSRLGLGFNPDDPRDNILAGTLYLRLMYDRFGYPGLFAAYNAGPGRYAEHLVGRRTLPGETVAYLAKVAPTAHSSVTIARTQAPPATLFVVRNDARRAEVEAQGNSSASPLFVALSQGN,59.69605637
MRIIGAIVLSLFITTPALACYEQAAKAYRVDKNLLLAIAYIESRWKPNAINVNKNGSEDLCAFQINDFHLPEIAAFGIDRNRLLTDLCACAYVGAWILTTEIRRENSVWAGVANYHTGPKGNRERRAWYVGNVQRVYDELTKRAADAGSR,57.61577606
MAKSKAASSGEKPAPKDAGPKKKPAKQRRNSPWREIRLALIALIWLTIVAVGFIAYVAHDLPDSDSLTGPKSAPAVTLLAADGSKLASFGAHWGEFVTVREMSPLLPQAVVAIEDRRFYEHGGMDVIGVLRAIWRNITAGRLREGGSTITQQLAKIAFLTPAKSLERKVQELFLAFRLEREFSKDEILTLYLNRVYLGAGSYGVDAAAKRYFGKSARDVGLTEAALLAGLLKAPSRL,59.57260132
MKKNKQQRRMNWTRVWVAGLLAPVTFVFLTLLVVVYAEELEFPQVIEERTQQLFDVPVPEANIPLYKEAADAYGIPWTLLAAHHRVETRFSKMDPLISPVGAEGHMQFMPCTFVGWSHPTCGGLGEGAIEDGEKTDPAVIHQYGGYGVDGDGDGIADPFNLTDAMYSAANYLAANGAAEGDLERAVFNYNHSDEYVRKVLSFYEKYEQQLTGN,57.99009959
MKKLFKFIFKLIATVLVIAVLFVVALGGYLGVVGYKEYKKAINECPVEVKINELTTMENYVKIDEIPEIYKDAVISVEDHNFYDHGAISIVSTVRAIFINLKNREYTEGGSTITQQVAKNLYFSQEKKLKRKAAEMFMAIELEKRYEKDEIFEFYINNIYYGSGYYNIYDASMGYYGVTPDKLSDYQATQLAGVPNAPSVYSPDNNTPLTAQRQKKVLDSMVKYGYLDRESADKILSEGE,59.54226049
MHERPTMPTLMHANLAHWTIAAVGAALIAGSGEALAPADSDVALSCLPAGPPAAAPPENAAPLEPAQRILVEHLSRRFTIAAEATERMVQAAHRAAREVGLDPLLVLAVISIESRFNPIAESAMGAKGLMQIIPKYHRAKLDALGGEDSVLDPESNIMVGTRILQEYVHRTGTLEAGLQFYNGAFWDGSAQYAQKVLAERDRLEQVLRARGPI,58.4698499
MIFSKELTYFPFAQKAAVKYNVPVSLILGHIKQESNFDPNAYRNEPAIKDASYGLMQILVGTARGMDSSATAGKLLDPDYNVDLGTRLIAKNLIRYGGDVKSEAAAYNAGTAYKDASGNYISKSGNTAVQGYVDKVYSNYQYYMKWLASGAKEVDVTMINPVLAIGFVALSGIVFGTYYYMQKNKGGRYVSVR,59.64449819
MPATTSRRTRSKSGRSRTLLAGAAGEPDRKTVLYPFEADPETVRDYWQSKGCGGPRPDLDRRTLRVLRDKVDRRPDILNDEAAVFPVDENPAADSELPNWRTQRRIGWDAVQNNASTIEAAARRYGVDPDLVKAIVYAENALGYYDVFAFGMQDTILPMNINPKMWKALADPGQDAWAPEDNIDMGVRLIKRLAERVPGGSAAQIATLYNSLSQEKVTDYGARVARIYRERPWEAPERKRPFKAPPIGGPER,59.2510643
MNAYKPKLFWSKERIMEVYLNSIEMGDGIYGAEAAAQHWFKKSAANLTKHDAASIAAILPSPRRYKAVNSSAYVNKRKTKPSE,57.61705271
MALSYTLMFHLCSATCPGKTRENAMRRKWVTGVCCGLAIAIPAIAQAQEFRVFDHRLSRVEKPVDNEVMYDPSLAVIGTEGGYPSAANRSFKETLYEPLIRQAEARYRLPPRLLQALVWQESRFNPMAISPAGAAGLAQLMPATARELGVTNRHDPAQNIDGGARYLRQMLDRFGAIHLALAAYNAGPGAVSRAGGIPRNRETPGYVRSVIQRWMAYGAL,59.47777303
MKAKGLFGVLYSVCAVITAACVFLFVVCFCAYFVQRKIVYPIKYEKEIVAASEEFGVDKFFVFATVKAESGFNADRKSVKNAKGLMQLTDETARYVADMLGETDYDIFEPNTNVRFGCRYIKYLSGKFSNEFTLAAAYNAGEGTVGGWLKNPEYSDDGVTLKVVPYAETAEYVKKISKNLEKYKSLYGNILDKK,57.19096756
MKAEIAKADETIAAARKPVETFALAPEPGVRTDIAWTTGNKTIDNLIRLNGNRYGVDPYLVYCVIRQESGFRAGATSAVGAMGLMQLMPGTAARYGVSNPYDPAQSIMGGTRYLANLLRLFGGRVDLALAGYNAGEGAVMKYGNRIPPYAETQNYVRTIGSRYAQSGGNGVTLTTKTEARPTKGTQK,61.10535558
KVSPALVLAIIAIESSGDKSAVSKAGATGLMQLMPDTATRFGVSDATVAKENIKGGVAYLDWLMNEFDRDPVLVLAGYNAGEGSVHKYEGVPPFAETRGYVPKVLAAWTVARGLCLTPPELISDGCVFAVRGLASNE,55.7948494
TPVIIFDERNEQHLPLLVQYPRVDKGVYQETAYYISTHPGIVTPEVVAAGQIYVKNVIDTARERLGRLGFRVDPKVADIAERLAVVEHVDHFRFRNEPHPDIYNDVFTLFALNEGQTYRYAVSSAGAGGMVQMIPSTYRMVRAQFPNVPLNADFVEGMRDHLNAAQAMLLYMQWTWDDLKSRPSVSDALLRGLATQEQIMAAGYNSNPARLPGYITRGGAGWANLIPRETKIYLQIFASVEQHVPMTPRRR,61.21105194
MLKGMVAAFLVLVGAVGVTLCWSPGSRETARRLWRIGIDPVLLARVESLREPILAAAHEQGLDPNLIAGIVAAESSGHVDAVSKVGAMGLMQLMPSAAGDAAKKLRLPEPTREQLLTDAALNLRLGARHFAWTLKHEENDVERALVAYNAGRGRLAEWIREAGSYEAWHAEREAAGDSSVLAYARKVLAYAETFRKRGSFEERPDPGLGAESQLSETLPLSIHEDLGEQ,63.00577291
MRKGGARMSRRYDRRHSRETKGHGALGFLVTFVLLLFVGVMVFFFLSDTSYKGTKGKVYSLFYQQQYGEQVHKYAAEFGVEEPLVFAVIRTESGFRPEVESAAGALGLMQIMPSTFDWLQESLDGQVKYTADSLKDPDINIRYGTYLLSVLLKQYGVRDTAIAAYNAGTTTVNGWLQDRAISPDGKTLSNIPYEETSAYVERVGHAYELYQKLYYQ,58.6278216
MWTRRGVALAGVAALVGACVPSGGGAPTGGYRAADPAPRPVPNAGWDAWVQGFKGRAAGRGVSQATVDAAFRGAGFLPEVIEKDRNQTEFKRSLEDYLNIAASEERVSLGRQKFTQYRSTLAAIEARYGVEAHVVAAVWGLESFFGTRRGNVPVISALSTLAYEGRRGAFFEDQLVAALKILQAGDISPSAMVGSWAGAMGHTQFIPT,61.668986
MKESIALRRVNFISAVDAAVKKHEIDAALIHAVIEAESAYQPDVISRAGAIGLMQIMPGTAARFNVSDSNNPNQNVMGGAEYLKYLLGYYKNNLKLAVAAYNAGEGAVDKYGKTIPPYRETQNYVKRVFSLYRRNLTAETYKTKSVKISMN,59.4940389
MKTALRGAGRVLLVLVALFVLYQLWIFTLVLWWSHFNPSSTSFMELRLDELQAKRPDVELRHEWVPYDRISIHLKRAVITAEDDTFIDHDGFDWEGMQRALEKNQRKGRAVAGGSTISQQLAKNLFLSPSKSYFRKAQEALITVMIEAVWSKRRILEVYLNVVEWGNGIFGCEAAARRYFRVAASRLGPAEAARLAVMLPNPRRYEKQFGPRLAAHARRIRSRMVYATVP,58.78738276
MQESGGNPDAYRHEPAYQAKYVTGQARWNRARAMGWTDEALATSWGLTQVLGTTAWGMGFKYPPDKILDPASNLTLGAKYLRMKLDQYGGNVLEALLAYNGGDGAVNAYRRGEPYNLNYARSVLALRDRIIRGELD,59.09381994
MWYWTKILFLILLGAIGVWLAYELITFPNISALRSENPATSSMIEFRLAEAKAEGREPRKYMIWTPIEQISPNLHRAVLAGEDARFFEHNGFDWEAIEKAWDEAVKQGEK,58.68207169
MKRFLRGLGRWLFRLGVLGILLLVGLTLPLRWIDPPTSAYMILDERRNDRAVRQQWVAYERLSDHLKLAVIASEDQKFPHHFGFDLEQIRQAVDTRLDGGRLRGASTISQQLARNLYLWPGQDWIRKGLEAALTVPLELFVPKHRLLEIYLNIAEFDTGVFGAEAASMQYFGKSARALSRNEAALLAAVLPAPKRFEANRPDDFLRQRQNWILEQMDNLGYGWIPPGPKAADP,59.2524147
MRAALSGQIADGLAHTPQFTDPARLVGYLLWVAAESARLRSRIPDRLVRENLLQTIWYEATRAGLEPALVLGLIQVESGFNKYAISGAGAIGLMQVMPFWTRLLGDGDPAQLLRMRVNLRYGCVILRHYLDQEHGNLFFALGRYNGSRGQAAYPDAVLAARRSWEVPARELQLAGR,59.29622904
MTPCPPPMPMPLPHPTARRARAPALAALVALLATAGCGTIDAYDESRVEYVPSRGARRGGHGMELPDDDGLTPERWDGRVSERCREVEPLMRVAAMEHQVDVGLIAGIIHVESSFRPDARSRSGARGLMQVMPKIGKRLKCGDLTDPKRNIQCGLTILKRFMARYDDRVIFGLSAYNAGYKVPNEALEADELPSNYRYVEKVLAARVSYLRYGCGR,58.08068466
MADFTHYFPTLLAHEGGYCHDLQDPGGETYKGIARVSNPKWSGWPTVDAVKARAALPTPVPRAGWRALSKALEAEATLNALIMSFYKASYWNPLSLDAVLSQCVAEQLADHGVNAGTARPAKMLQYLLATEFGVKLVVDGQVGSVPRIDTGIDVVGQPACVVVLAAVPR,58.54916636
KDYTRKIMEWFLAFRIEDELSKNDILTLYLNKIFLGHRAYGVAAAAQYYYGKTLDQLTLPECAMLGGLPQAPSAANPVTDLKRAMVRRDYVLRRMYDVGFIKRDQYEKALATPDDAFPHEPPIQVEAPYVAEMARLLAVQKLGNKALTDGYTIYTTINGHLQDAANAAVRSEMLSYSRRHGWFGP,60.34484482
MGALRGLIAAATVIAASPASADDVEHWAPHIAEASARFGVPTSWIARVMRAESRGRTRLEGRPIRSVKGAMGLMQLMPGTWAEMRARLGLGNDPDAPRDNILAGTFYLRLLYDRFGYPGLFAAYNAGPGRYEKYLAGMQSLPAETRSYLAQVASGANGAAIYPGSRMDTSAQHRMFIAIGGGGSGAVTADETTQAVDPMFAVRAVP,59.66362635
MGRLKYNTPCRFRGGAEHQGVILRFGAASCVVGLLIVVMAIGMVVPGQLFSTEASAYASYTQKKQLFRYKEKLDPEDILPIVNRASETYDVPKGLIWAVIRVESNFNPRAKSHVGAMGLMQLMPVTAEAMNVGDPYDPEENILGGTRYLSEMLRRFNGDWKLALAAYNAGPANVRKFGGVPPYRETRQYVRKVMKFYEEQRKQRPERLFSQIS,61.61716715
MGRWFTGCLSVLAILVVAKAYTGWHQARTDAPDLIVEAASLIAQGRGAHDLGPGRVEQVLATQDPNFFRHNGVDLKTRGPATDGTVTQTLARPVAIASMVPGVGKVSRLTYTLALDERLPKTAQLALFLDRVDMGHAPDGTWIVGFFKASELAFDRSPAELTDDEFRSLVAAMGGGRAISPTAAPTPSRVAYLGVLRD,57.69347127
MNISMRLSSEAILNRKWLNELFPVIVSVLVVIWGIILSFYLHETEKLAQGINAKTNQAVVTRAQVTEDWGKLAEYEPLVKEFAVRYGVEPALVRAVMWHESEGNARLVSRAGALGLMQCMPDKFRPGEDPFNPRVNIKKGTEYLGLMMDKFGSVSLAVAAYNAGPGAVLKYGGIPPYPETQAYVPRVVSTYKEYLN,58.39280065
MKKFTILGGLALIPILFVGALFVLMIMVMMFSSSDSSEGNYGGGGWGSGIISQLGESEIPAEYIPIYQAAAQKYGVPWNLLAAVHRIETRFSTLDPMISSVGAEGHMQVRP,58.51276016
MARAALLLLLAVFGLQSAAAQVYRYVDENGITVLTNIKPDFSIYPDAANVGCYGTCIRGVDWHATPLRHDSFAEEVTLATERFGLDPALVRAIMHAESWFNPAAVSHAGALGLMQLMPATQQHYGVEDPFDPLQNVIGG,60.73717244
MRKLIKRLVFLALIGAVAFVAFYFVSPDVGEYATKNPDKTAFMLWREEQWAEKGLKKRITKRFVPISQVSPALLKAVLIGEDDKFYQHEGFD,60.32244746
