sequence,pred_score,pred_prob,pred_label
ANRATGGNRRRLAKGGEEAEAVPSLPVRVEKEINSAFTFDDGKAVGAICQGVDDELALPALVTPFLHIPSSILELRFPLVGDRGVKLSLLDRSLSPNGKGAALDCTQRKGDAHLAFATVVLGEIGGGSFVKVATLDPFGARVGLTQEDSIGLAKTQEVDVSARQLIGRNPDGTGALKRQGTRQLSDSNTTVSVVENGRSLEK,2.8624403,0.9459582,1
AGASSSRLLSSEGAAGRRPASEAGSASRVSVSVRHCTVRAPETTSAPLGARTLLAVGGGAHPSLPTRSDRGAEAGTDTTAETCPAQRGPSLVDPSSAGADHGSVPLASDGALRDAQHGAQPGQRLLPPGQAPGPGLASAHRHRRGPAEVRTVADDAHGAAGVVVVRRLAPHLRVVLAALTAPRSARAAGDTGPPRALRVPAQDGGASGAARPPHLGDGDGSASALGGGTGGVSSTSGRTAG,2.5148861,0.9251789,1
MSSVPAAVGERQEVAIVAPIEFFQASFSGRLLTVQDQTKKPTSDVRSGGSKTRPEPHKKLLSAGSTDDQGLTEAGRSVEDSVEGLKPSWDDSG,-4.4812517,0.011192545,0
SIVDSAVVVYSQDNNQILGYGGSTRGGIKPADGGGRDSKTDSLEQGRTRDASRPVDGLIGGEGNPDDVSPAAQGADQGVSRGSSGVGLTDIGPASGRVVYQTTNSNVYEVVTALNPLADFRRAEKVVRSGQQPYTIGNEVANYQYTAVLVEITPPESVTIVTLPVVYRLLIAGTLTPSLGVPTTSRNAAVL,0.4290328,0.6056427,1
MNLPKPHTDSHRGEELQNLGIWSEKGNQNQQVSEDEGRAQRGEEAKAVRLGQGCSGGPRPGLTSSRVTDPPGRQGHRRPGGRDHNRGEGSPPA,4.625193,0.9902934,1
LFLTRTRSLSASDRHTAGAPEKALKAPLGVDFEVHLADGSGLGLVTGGSGVPVLLLGTGAAALFEDPPHASAVLKFLRSRVHSKGPVIKSTTPAIGGVPSPEATDEVRPQPSHLTKQPVASVPTSRKLVVKAESQARDHVPFGVGDALRNVHVLKLPRARDAATDALNTGVEPVEVVTTGQHRIRSSSEDGESKDVEALITRRRQRDLRGKHQLESSQGLTPR,1.5778747,0.8289034,1
MGDSGELFVLGPGWKGGLISAATAFGVPAAAVRSGLFGVATAGAKAAGGQSVVVARAVTAVAREFATGTDSRQIALENSQKVRQRSAFQASFPARTPRRVESSTEGVDVASEDSDAVVESNISSNRRQTQSFPRAQPRSQKQDPKRILGAKQTVVAQQTKEFPSISEGRSFGEHVRGTPGIAAPQLNEG,-2.6326091,0.06706901,0
ANIDDNLYAKEVLSLLTVKRNTFFRATDVGRAFLAETQFNEPVLYYLPRRTTTQFTVDRRVLRPGNRFLEVKYAASTRGTRGFFVGTNPRLYLSFSDYRTAPELYPVRWVGLSSLLFDAQGDKVYGAGRTRGGYTKVSAYDYPVASGLYISNSANPRRGAEGPRGGTQPVFVIDIENGFLGDLIPLDLSSVLDVNPGV,0.32740784,0.58112854,1
MAVQNVDVSVFSSYTDDGGTSDIIRLGLVKYRSSYSSIPLTVTSLLAFLKLAKNDTANTPPNQPVYLLKQDTPGVKFGSGTDSLLSNKLSNFPIPSKVKISPGRPSPITAIGSDAVQNTGADGGTGVNQSSSDGGLGAADEEPEFTTAINTISGNTITRSPPGR,6.3930273,0.9983296,1
MRNSQNLEIFDVLLGGQSVQIRLGLFESAKSGARKLDSFNTSCTEPCAKGFSHSDENVTVGIISSEIIRQRTTPSTERRTIDAPDNVQVQVSLASAITSSEEQELGIPTVLLVTELPDDVREQRSSRSDLTHAAPLFVIRVSTL,-4.152149,0.015486953,0
MPAPSAPTILVREDEEIDVGEFGVETIPPSAVLVDVTRRFEKRNPPRESTSQIKPDFLVQGSNAKEETPRRRRLKRQDAPKFRRERKIQLVLSSKIFNDRALAVVTSNDQARFSTDPRIQHVTSNVTNKNPILSGLHANAPGVNGLANGLPGVRLVTPVLAAV,-3.1425507,0.041385807,0
DILTANNEFGPAIRASGTAFEIREAAGGEELIGNGDEALGSGGLAVEQMTGTDASALRDLSSAAATSSAEFEFESEGQGSQLVEVGVGGVRKIVERQSVPKFNVERGGKSGKQDQGVEAPVAKGLAQHDGGLAAVSFQSSTNFAGQVRDFALVAIADVEVQANTGILAFLEDSVESAEKQPPGLRIREDLLTRALKGSKENPRLAVESAGNSVALVRNKLALRNQYSRSQQFNTYLIFNE,-4.3270636,0.013034137,0
MIYTLPDAAFANDPENPYSPKGTDPDFSLKDEVVRRLGRIRFNAGEDVVNTNLLGNGEGKNRRNPKYADFINTVRSKRGDNITQTDYIDPKDGKRVLEFSVTDGSGEVAAAFRGNRISELQDFAKTKPKEDFRVFFNVSLLKAGTTFREKKVGLFGSTPNVGNGDGPIYTGRKFFTYFSENPKRPPNIVGNNKKKKTDTRFIQIDPEVAKL,5.522461,0.9960199,1
MDSGRQLHLATRREVVGAFTQILVSFPKRDGVVSVSSGERVGRAPFKDGGAGTPGHFLGDVPVRRELLEPRAGTQAGFPAAESISAEGSARLSVAFEGVLASSGAGIRPALAVGEVGRIEAEAREAPNFEQLDPRPGLFTRNVLAFCLTVRTTGSVSHDEQTGRAWSDLERRSATRQEVFGITTGEAGRERGGSEDEVDQTGQCHDGRT,-3.028506,0.046154555,0
MGGIFRTLGRNAINDTRFVKLDNIVTSGALIKLPVVSVDLILLLNGKLLSVRTIGVVRKSLTSGTPSNLGEPSFIEEEVGYNVSVRRVSPLKLNTLTKVLLDNLTEDKIGSIRGSKDVLPNTDITKTVQESATETRAGVPSGERNDINAPLLIRSALSENFTGILGGRELTGSGEFSSLLG,2.5349958,0.92655903,1
MIVLVFVGSFGVSEQHESESLLGRVRDVDSLGETEPSSSDLQDLPVNKLSTERILASDDRILVEGNLLIAGAPRTGVSKPGAEVGEAEVAAGPRDGDSLVSG,0.56112075,0.6367118,1
TVGSLLSRSTQHSGSCGQGPEPVCLAGVAESHVQLVPTGRAAWCTQPCPRAVPVVADLLAALDLAAVPLDKSPPGPSSSVSETSLLAGTSLRERSSTHTQVSVEHEEVEQRESVRVGDGGEGEAGRHRSAPQLQDGGGAGAGHLLSHTHTGVQVQG,-0.29410517,0.42699912,0
MVLSINTRSVKTVNELLGGSLTTFFATTRAASSISGDIRGSADFGHELQRGARTARQPTCAAQPAAAPHLQCGVLPRPPTKLVTCTAEDPTRGNHEAERSLLPTGGSSRRGEGGKGGAPSVLSQTRKHAAPDAASAATSAGGRLPSSHVVPHDHPPTSSSGASTLSRPVAA,-0.7682072,0.31686705,0
GPDCLSSDSFTGETSAAELGQTSSEFSLLVVPCRGLLLGLEEALCFFGCVSIGNLSVIVNAQTIARTRGSGPGRSSPPPHPRCVRPGHHSQEELAGARGGDLGAARRLARPAGAEVEDAQDPGAAHADAPGPASVRACTDGHGRPHRPPGG,1.1486619,0.75926644,1
MATPIGNGEERAPGSQAVRSAIRSDQSAFGAEDEDSQTDNRRNHQEVFQLVVRGSSFVFRFAAALIPVSTKTTISGASGSQSGVLQVRDRLKASHRFPVDSDEATFGRKIIHTVAQPYTGLGDLNFQATNADPKRQIAAGESGVGSVVLTSLQSKHHNTQVERRLNSLTNALVPVEDQFQVQPRVVISFLGKVLLNFPDSGGDATESILESPS,-4.836237,0.007874367,0
MISVLADGRSSCLVSARSSLSSTAPPPTSRGPGLGILPQGGSSAGPFRKSRKRIFGEQQPEEHGRTNLHESLLFLSSPVRKGAPAVVCLFIPAELGFIIPSNEPQRDYHGGRKVEFTDGLLEELGLALGGALPRERSTTTGQASHEVLLLLLLGRQPAFDAAFALQGRGQNPSLHATTPSIADTRTTPVGDGRERHRIAVERGNGVGSAA,-1.6727204,0.15806182,0
MISRLPESESPSASTDLTRRAPEVFSGRSPTALPSSPDGSQRSVLDSSRSAVPGISLVKEDGELKKGEILHLPRSLRASGRRLQLQRNDGENRDRRSRRGSRKVGVISPTRGQPGKAQRGDEVISAIGPAVATVSSVGALPLEGGRTATPRRFHQQDGVRTSHGVTSALPRLTSFIVSQGDKDSASAGNNAQRRSEALGDTSE,0.36787254,0.5909448,1
MISQSLNAAESVRRGPLSPGSFSSRFTPREFRGPFLLAAELRVFRGLLRDRLKRRTRETEFAARVFTIKSLGVVDEPLFTKDRSGRREGFFRSPFEQVRVGGALGQGPGLAEGGRQTRGQQVPVLQSLVGNSKELLSALVSGRGSGREPNSELSRSVQAAFNGLPRPTEANSAASRTEAKIPLRQKGSPKLQHSTVEIDGLELQPLPPRKKSPLQVQRATRASVDGSAGFIAFSFNVGIFDGVFRLN,-2.8908112,0.05260967,0
MGVRILGECAVGDRSEAVSDANDISIADSDVLLDSALVEPNFTCVLSVNSAVASDDQGRPRDFGLPPEQSRPDGVLARVRRATFVFPQPEFISLFISALQPGVSRTISDDSARGISLGASGVRGAGRRVDVRVSQWRSDTTRAPPVPAAGVPAAGCEDETGRSLRRAPAPRSEVVGARDTHRTHSTLRTRPLDSENGVAPFASRVQAQ,-1.5922937,0.16906144,0
MKDPLKLGDGTRQTVVIQGVAVNVRQRRDATLILNKESTPGFSPGKVSGQFTDTAPDIVAGPTPTGPRIPSAAVERRQRGIVLTETLQSETSSTRRLENSTNSVLGLRNPTFVALQLVPFPEVNPIHANAGGAVRPELLLNRGHQLALLLSVLDVPAHASHEAENDVEKDKRRRVHNLQA,-2.6372182,0.06678119,0
MGGALRGGRVSRRVAGEDQQPLCGTGQRDHQRHFLESFLGLLILEASLKADSARAVLTFGRL,-4.9241953,0.0072161225,0
MHLHSVPVEGRVVEIGLRRQKVRHAKEHAELLRLRLLPFGGTLQGNRTPLAGQQQLASPGGFNVDAFTLVEQVAGPSITSFRRAKGGVATWAVLRGAGVVLVGLGRDVDPAFLELCVVVLSAKLGRSDQDTVLVEPAFFHLTLTPVFPEVGQGREVPLITTDTGYLRPGSTGIPKTPGDRNFRT,-4.3924246,0.012219535,0
GGAGGSEDVLWLGRWLPRSGPSGAVPETGLAVGWNAGETEEQDQPDQGVAEPVSRGSWGVFSETVVEAAIAILPPLAGRALRASPAGCWGGRALEEACLRRP,3.1206229,0.9577354,1
STIGLVLVARFDLSSPIPPLPCVGDRTGLRRGKGIQQSASRSRVGGFTGGDKQLRDPAREQNSNARVRVIPVDCASGSRSSFFILLSRNQGKEVQRGASQPIGGVGLRAQQLPAATVEGLVTRPFRCKVAGWVCVLGLGELQAGTGSRCWLKNRLVSRRTRGPTLPDRKCARSECT,-1.2951969,0.2149745,0
MANICITIFPAIETIVAGLFFRDNKTEVARRVIRPEEGLQVGDEPQGKPQPRGGGLTAERGGSKFADIRKAGRREARLADTVRGHQPPVVPQQASSRTSKPTQAGETGRVGGVEKERAIGGVVGQKLQPVAIALVLHEERERG,-5.9699154,0.002547949,0
MFADAENNNRFPAGESTTASAFHNADDRISSLKTRRDGRGFGGGAGLGPTTNIVHNRKGARVHFPEFGLKIRTIRENDPQSPPLRILRKTGFRRDARPFLFRSLAIIVDVNEKNLVGRVDLGIEPDERFGESRSKTDL,-6.7754745,0.0011401273,0
VFSSQQLQTNGGRESTPTGEGRTNGQTNGQVDSGADGGDTGGGGAGVGTTTTDTDAGGTGAREDLSTGTARRTEE,-0.9952072,0.2698848,0
MSPFEISLFPKILQDSCSVGNGRSVFPGFIFSSSVARNSLRIRLFVEELLTEEDGGTVVTVPTAGQVPTKHSNVFIGSSSLIDQDGRQGSLLLINRSDQVFGASRNRVISFQSTGSVSRIRTAKPSRVKPPRQLRGNGFLRFRLVGLQREVSRRRRTFPSGSNFTGVLAEDVLFSDRFVQGAQKCQNGCNTNGDVCR,-3.8348515,0.02114766,0
MTRPRRRAPDVEARAELSLTPIDDHLGARRRVLILSETAGRSVIGGTSIGPRAVRRDLVGPLVGEDAALHAIETSVDSSSSDGRREDTSDVEYRPSGESLAQAPGVSITVRGRSPSQELPGRPRPVAVVVRAGRWPLGSRRTAGVRRG,-1.2009606,0.23130436,0
MQEDRRPDALASDIFSIKTDKTTLQGNEGIFFGYLNKTIRGPLGALINAEDIIGNFRGLAISDVFRQGQGVEATGIDRDLRGSRRIEAGPRPTVERYCSGELTSEASIFGSLASANYACRFFIVANSDGSYSFG,-3.4978163,0.029374428,0
MRIDRSTRGSKRLSVDSPTPDNTQSSGFKLADFVAVTNTRGLNTINFSIRQRKERKSGEILERSKLTEIKDSGETVFILYFLEKKRDLIINEGENYTSQATRDGFATPGAPVIKQDPPLGVRGDIKATNSFLLGKKPKYFLYSQTRFRVPTQTEPINHQFSNSLINSNPDEFLLRKSEELEGEETKIKKKDSENQLLQTTGRRLQVEENILTKDDDAAANITRNLDGL,-2.5251215,0.07411573,0
MLGGPRIDTGDFRGRAVGAPAETTEVIQRDRERDGHGGIHRRLLGPLATAWSGALQSGLRTGRRAPPAVARAAPTSRQVRGDRRSRGAAGTLCVHGASGAQGSREVG,-3.9070272,0.019704109,0
MVSISNQSFLFTSGEGFFKQTDSQTSIATALIEQSNFVQLRDELKFKEKLVRIPFRVPLERAHVEAKDALEFDIGGKFPSRETSAPSLLDLLQEARTESDASTTAVDVSSRAGEADRVEQREVLEETALEG,-3.809985,0.021668587,0
MDFWKRTAVSYVRLCAVFFERLRSRLQQSKGKGGQTGKGGSAFRPPLTLKTEIRPIGVFLESLGKVAALDREAALGGDERGRLGPSRTEVSDFLVNDKKISGGILTRNGANLPGNNGGDRATYVVAVPTTKRFLLLRPEKTSDGNLGRKIFAFNKVANGFAKVQALSPSF,-6.4891634,0.0015175137,0
MGEPAGPDTWSSGSGRSSSPCGEERHLDHGGESAVVGGLGLAPDERALLVECLRRDRRSGLGRAATTGGGAGLVGHLTGVTLRSEHPRATTTQRTLQLARAFGDPPAGLTASSSSSAAGVLGRSPSVPAPAERRHVEDTDPVARLPRGCTALTTVRRAP,-2.0126889,0.1178771,0
GGGRGEGIGRAGLARAHPPGRERGQRGPFQDEDAVAGGGIGGVRQDDILGPGLWGSDAA,1.8319643,0.8619956,1
MARVSTSLSLSGSVGCGGASAPLGDPFADEEAGGLAGRHVRGGKRAADAAKHRVSGALCVGFATQSSHPDEGQEVAAAFSPESGTARLRGAFTHPLLRSVLLDDPAVPERPHRRCGER,-2.3931515,0.08369642,0
MLTSKNNEVARVDGSTDGEAGLNVVVDGGITNGDGDGRKKKGGEGKKGSDKVASRSQFFSGGASGTNR,-2.7422938,0.060523342,0
SPIPKNDPPSPFSTTTGRATFPAVSAKRTLTPLSNARVSSSTVIFHSRAQHSGDHSDLRPGVVGANSLLPLRQAALLALKRHQVLKLGTVEGDGFFRSNGVQGSTGDPRSLDAITSELEARDSKKLSTNSTRKDKRSYNDVGLDSYIIHAFLEILSASHADDTESRLRHHKSEAIKVSAQG,1.1772256,0.7644486,1
LAASRTATAGVVPAVHGLGALDCLRPRDGVGQEESVAALPGLDPDPRPVPFAPPVTLTAPGLGSLVIILLRQPAIAPSLAVQDRSDSVAARRPGRVGVASPCSRFCLTVFGLVRGGHVRTCPAGAGPFSSGWGDGAKVTCLRLDPRAGG,1.4360366,0.80784017,1
SFAGAAAADLAVSVPVGGSAASNLLSDLHFSSGEGKDKSNFKRAAEEGSRFFPFSAEEVVLRGLSSALRPAQLLVRQLEDLKSPGRTDPTADSISGGRISVTSQSFGSSEIVNSDVEGKG,1.0781639,0.7461464,1
GGPVAVVLAIQLAVLSFGIVPAEVTARLRTAAALRTLGRSRRDVPASGPESSDTASTVTSETEDAAAVAQTAHEEALQERVEGAHVSSGGILGATVTPVRERELAAVDLFEFTAHGDRPPSHAGATSAQGLGGGAG,-0.27549255,0.4315592,0
MGEFLRNRSQIIILAQAPGSRLGIASSGPRQTLLITIVVLQREIRVVSVLPEVSRRSVREEFIQRTKEPFSKRISAVHLVIRPGATAGFDQPVIDHSVNPPGTDVGLSLQGTEPKTAAGQQVLGALGRTSQVVSLAAGGEGIKITSGRRESTLQGAQAATSATGTVRGGPPTRRLSPAAEHLLQPATLAVWLPRSGTARAGRAAEALDIGCRTVD,-4.594222,0.010008892,0
GKAASPLGTAAGEILPSATAGLAQTQSSATAAGPAADLGRISQLGLSDQGAGATDTSVELRPAATTGQTALLSDGATRAGVLSRLGSQSSAGLWTSGTDPDLVAVLGGRASTEGSLARTPCASWVSRGRLQGTEGLVVVSDRRLTDVECALRPGVLVRQARAAAAATQPTQGRGVAERCSLCQGGGSSASTLSAALVLLRCS,1.7914681,0.85710716,1
MKKLDTEPSSGPPPGSRSFEKLEDFVSLRKPVLIQPNDFDTAITVFSSKGENKEVKPRPSSQFRFSSITGFRHLPAVFFDLFFLASAIVFKAQGDNGRVRIRVHISSSRLVRANKFSFNRYGLLASQNRIEFGGNGKSRGGQPETVILRPARLGFEVASVIGVIRGLFVGFRSVGLSVFEGDEILLSEGGKEP,-0.21482609,0.44649905,0
MVALDSGGLLTVAVERVLGGPLGPRAVLAAQGAPAPHRQAAPDLLAREGSRLTQRGEQGGAEVSSTLVRDRSEALPRLDGKTITGDPRVPGPDAGRRGPQVAVTKDVSKVKFALRQGT,-1.408798,0.19642372,0
GMTFEIRTASVPGSQTERNVVRAESTLRNQLSASARRRVVSRAFPVPPALHHQTPLGNNVANETRIQVPPLRGIEIVGVLTTRDAGHG,-4.0840425,0.01656039,0
EGPVEEQGTALAGAGGDAQRHDPLTAGSFEPDEPHEATRQGRVEAGVLVAVVRAQERGGITCSASPRGGPQTTASVVLLSLRSLGHSCFTTTGRAAGHGGVSGRFRDPQRAALDLAGVLAHLPFGIGPGERFAADAPESSFKREPIGRGAGILGREEVPEDDVLVVAAADRRIRD,-2.5128477,0.07496241,0
MSEVVGHPEDAERDFSLRRSRTEALEADDRPGCVSRSVGCGHVQQTCTGDQVTGDRGVFCPVGLPDEGFIGGAVFVPPLRQRSRASGVGARPSKRSGKALSGVGPPGALGCFVFLVSLVRPSRLKLFREFDSPLRLAGCCAGRVAKALDAHSFLLKFTKG,-2.9184697,0.051248055,0
GVLDGTPSWGPDHTPHALCAPEATRVSGVRVTAVGPASARLQDPHSDCRESLVRGVGAPGSLTHRRGRAAPDGETCGERTRPGAPGEPVRVGRPVLAHDSAPSPQAPSAVGAER,-0.17074569,0.45741695,0
ASGDRRANAVLARKGKTASVIAGEANSPLNLSAVGRYSRKNKSRNFFKRLEAIRVPGGVIINSIITDDNIAVYSTAVTPGQRSQDAKPRDIEQTDEKGERPPSAASGAVRGAGRRFENDSPSSEVTEALRKPSGTTGHGQRQSAQTSSPPVGFRRKDNSINVPRQDRPAAFHNG,-3.0238893,0.046358228,0
MSRAFSIGVRGIKVLSTASLPSSTARRGATASRGGPHGNISDPDRRFSAIGGKERRRRTDTGGFPSHGLDVGDEDNSRGARLSVGCSSSAVANDGSLAGRASARGGGGLPWNRGLGLSVDGSKPGVSGFETGDG,-0.76148283,0.31832442,0
SNAGQVSIEAGKHLAGGFSGISGVPPDAADAIPADGGLHGGTGPRASLPPRKQSTKVDIINSVTGSQGALASAPVIRAGGRLPTQASRKRQDTDDPSNSTEDDLRALLGQQRPRSRGLKRRFASESERALTDVTIGDDSVRTGGRTIGILSYFTELLKIEDNVVEAAKK,-0.52810436,0.3709591,0
LPVCFSDPRPFPFCDRNDKIIDDSHQLRNVPSFPRTQSAPPVGIVRVGTFQFLGPIRRPRSSTGNGSIRRRPPFAMSVGAESGASTRSGLTTVIVKLKGKSRCRSSNGGAQTSTVPHAANAGLNRRRGGVVTCSSEIIPGQLISSAASLRPSTVTAVAVRLSRIPAPAPELG,-1.6035706,0.16748317,0
WAPLLSTAANSRKPSTGLFLSQAPAKRLAEGSPAPALPDGGPPVLSKQISRTGSGAGEEPFNRPGGVTAPQTADNGNLLIDSSPSPRLPPKTTNGVPTERISNLRQTQPESEVDNDKVISEESLHKGIFLSF,0.25883257,0.5643493,1
MEESGDKPSGAASAGLEGFVQGRRSGGGGWKDSGTSGTGFDGRTEASDLLFSKSETGITGAERVERVVADGAQANAIDFSSEEVEEEWQTTKGAKANATQAFLGGEAAVSGPRKGREAAPKETEGKRVDVTRQESLDKDDPRPSEGRFDSGETSVPALARG,-0.34433123,0.41475773,0
SSSTTGANSKVLGPSTSGNFYQPNTKKLNNAHGPYKGIVRGPLQTGTLIFPNFNTFNIRELSIETRFYLLSFYFYYGQNEVSQNPGDTLGSKYKYLDTLFIEEGLQEVEFLRETLSATFNALGQASQSPTRVRQKEEETQSLGRLVEKFSKLSLENDSDIAEPSVNRTGSVFN,1.097681,0.74982536,1
MRTCVGRRAGPSSRWPSTASTATRGGQSTSSSSSKQRGPASKSSPPTWIGGRPLGSRPLNEPRARGKLLQLQKRSGPEANLRNENHKAARTRR,-0.49470305,0.37878627,0
AAVQDFEVGAEKTFQTFHGSSIAVHILSTGGEEEFDENSTSGSERSGKKLAERLGKRSNLSGRQQEIIVDAVTPVKVGDAGNALEREQPRNLTRHHTPG,-4.299194,0.01339757,0
MPPQEHLGLFSRGQDLAQNATDCFSGRDIKSTKQVQGGQERTTVEQARTSQKCRGPLLKLDVVGESASLSDVTEDLFLHVRLGHPGAARVTPQHASGECKASGARLDVHAPKVQPLGHTDAPSSDVSTSEAASKPRTTVSTRTPRESLVQSGVFDGTVSDLAQLLLQLARLDRRRNARLNNDPGNGDKKESA,-0.8642051,0.29646152,0
VVGPVDLTDVGPVVVREGGDGPVPPAPPAALFGGCPPLLGSVVLEVLGLESSGALCGLCGRLAGGWRRSRQSALAVSGRHPVPFSISSIEGERLREIDSSRPDGVPAVLSNTVLRARPDVRAQEQRKVSQSLRQVVAASADVWQTGSKG,-0.6128789,0.35140276,0
MGQRAGKITGRVPSNSSERILASRLFSNPGISSINFPSGSARNHGNGGGTDGGTRALIPQARHKRLKHRAGQVRLGDVGEKIEGRENQREANAGDKVERKRTNGAVGGGKGVGRFLAEGFRARERDAHGSGGRRVPLQRAIDRAIVEIGEDAGAFTSSDATRATFREGRERPVLISDAGRIHVSVALAVETVIRTRTSDKFVRSISGGGRDFGRCR,-3.3535855,0.03377795,0
MGHVIRAVQSTFIGDDSRQSSQSVNDSNIYGPAADSDTPPDKIFFYTSTTIATTVRAREARLGTSRQKSQGKTQIPGGSGDAALLATTANEGLDEQTSAPYLRREGFVSLGLKSKRSGGNKEDLQFAGRFRSGLVSGTGHPGKDNDTYDNFNRKQVIVESINQKANFDPEVVVDQTRNSNYRDASELANDGDLAVGNQTAVANQPNNRKIQTGRGRTYLGRNEGGNKNTEEQRGTGSARGASQRNKRNN,-3.3954892,0.032436736,0
MDSNRDEILRRIRAGAQPKHPDYVIIGVYEEGRIDVEYTILRQRKLSLGAVSSLTTILFDAILTSTSLTALPEGRGFVETSGGKEFAAGQQAFKSRLAALEAYRRETALPTNTNLATLVTIDGYARDTEYLLANSKRGEGTVRIGTNNRPVLYPSRKRTKVLGVYEDVTPKRQFDRNTRYYLG,-2.2946599,0.0915662,0
MTSGVLCTRVTCRFLSEVGASADGSCPLRFETVGVAQGLTRQGRGQGRTLQRSRSSVGCGGSPPGVEGVATRVGIVARRTAITAAGTRRTKEVSTQDQDDFGATDFKVRAFVFHFLRSVGGGTAGLAEVPLPGLDNAVGVAAAVDRDRVTSQFRKQEGGEDVTFSILRCASVFSVGFKVRDINKGVVVPASFLSLTADPVSAGQAANAVLDTTNGSTPFFVNSLSKFCERTQFGLPVC,-5.7278614,0.0032434745,0
MSRTRGRHFSLGGGLASPSLGLLDSRQHRPLDGLLPSTAFSARPRDVSRSLFEPGRATDGPSSSLNSSVTTEFTIVDTNRRAGEAPSA,-2.4971015,0.07606163,0
RAIGSVIRASPSGRRIGTFASNSLFGLRQFSEDFFRKGSKRGKAEARSKPPRRRFVTRIVTGDGGPADAGGAPVELGVPGPSGIPLEQALARARRVFVTNRNVPRHPQLARQRALDIDNNVNLDSGDDQTASKFAILGARATARKDGPEADGIVSEAAATAAQVRALTQGPSKTVTGHSKRLRRRELIVGFTISALEDKGFATNLTSDASAVGQIGIELARAS,-5.51001,0.0040297634,0
AEGEAALLASPLPAQGRGGRGDTVVGAGPLFLTLLRRSDKPDGGEKTERSGERISSTVRNRSPAKADVIVVEVDGVAVTLLEKVLELRLPVGLNGAA,-3.8572743,0.02068845,0
GQGLETAFQALPPIKKLLRNKVAQNSSGDKTSHPHTTTVSIRTSIGTPTTRSILGVVEFAVSTRPLAFHQSVADRVGFSNTNEARTTVVLGTREQVEGTSFGDASSAIQINSSDKGHHTLTSIHTLG,-0.15956055,0.46019426,0
MVGKRFTGFKKRHLQKETSVGGLSSIVPSPRVISSGLLANDTSVRRRRKRTTPQHLETPLSVELLRVSLRPFGDAAKIRSNLSQPREFGVARAVTIPPTFRASRAGELASDSGACATAERLGCGSLAFRVPFTFSGAACTRVCQTRRHLTGVQGAAGSLPRPDHLTFDPSPAREEGGSLPLGQLRGGHLGAPRQSVQLVQQTAEEGETKKDDESERETTSQRTTFHCPDRPEG,-1.0072961,0.26750934,0
MVSGLIVPIDRSAESSCDLHQEQGQGFSFINQVLGVLGSGGSRVGGVLQFEASFGQGRQLAAPVQEGAKVEGQQLSQELVQLHDIFDSETRRLEGRQGRVQLDEKRKHRPKSSGDRRKAKRTFNVDEEALENKLNKRLFLHSIALLSNVSSLGGRLARERGIDPLSKSLRKIFVLPVILETLNTPLLKDSLAALTVKGGPGFRKVNQIEVIQPQKEGKSSSLGVNVTRLLGNDVDAVLQDDSNGGVFRLQ,-3.1528282,0.040979985,0
DESFPSVAKDRIIEIYYEIRSNVIDDSGPYSNLVLDAVEIRPQLGSKDAQIAKEKRDDDSADNAVPFYSEAFSDDPVASGVPNLAYPFDEARRPDILSGKFANPIGYVRKGQFTAGRGGGAPVPGGGGERGGGDGGGQELSSGTT,1.1673442,0.7626647,1
MGPSGSTGTHGPTGVVFGTRQPLTRVADADPHAPVLPGFTAAATTPHRGAPGAAGGAVGGGETAGTRNPPLTHHPLQGRTRPNETASAASLHPSTRGKAEGSPPVFLSLGSPG,1.3294113,0.7907433,1
VLAIGDEWNCSWERSTRFDTGGGGSSRLCDNTDCADRAVDADVGCSSTSALSGKGSVPGPTEEELGAGADEEGKGFEVKDEKAGVEGGFVDVTTSICSNADTGFRLKAARQGKTDSDDGCNGGGVDGDPGRRSIIAG,-0.02478995,0.49380285,0
MKTKRATRSDCICIFCSDSLVSSQQQKAQGILQLDRRSSAGAEDSPNYSRHEESAPRKVGSGDPRKLSEAGLQPLSASLFPLAPSQDCGDLGENGASSSTGVSPSGRGGCDRICAFLSTPKAATTRVPQAAVGALASPPGAAGAPSAPPQLSVTSQGGSPATGSGSSSPAAARSAPVSSTSGLRTPSSTATPSPEVGS,0.8974781,0.7104309,1
GFSDRTAADESELLVNDGGDDGTASGIRPSGFRFVEELRSDRIPLLALSQKKVGEVERPGGERVTGKEAVRAEISERETWKIANGVSPARPRRRRHRIRRDFRKVIPLTRTAVNADDTLANLDLSESARAIPSLAELSRLILVVRESAKSVSETKVGSYGERKKGTGFFLFGERNETDHNPGNVNTGLNGSGHSKRRINILLAGLPHEHLVESRVSNFSEDNPKEVDAGGKYGPERRFFGGERDKIPV,-2.6307237,0.06718708,0
MGITLAHLSGRGVRGTRPLSNVGTPAAETPEDEPEALEIKGIGVGVKKSQESPDGFAEVDEAGETEYTHFPDDVEEGRLSLNVKDSGRDLKAARDRPDPGSSEIHTGVQGGSAGEGAQRKER,2.2590003,0.90542406,1
EQQSPSVVPFPRLLGFLENNLGIKLGRGDGSGAKLSVAVAVKFSFTRAVSGIVRGPQIAGADLTVPVQEASGLRRYTRAQSSPQEKSIVNEQSSSANTSFGGCKRCVSLLRVVGVVGVDRGVERRGPLGSHGLPS,-1.1028881,0.24919917,0
GVKGGGGGGDSLDRPLPPGLTGGGGGAKAQVLDAAVDEDVASAAGGGRTRPFVGEGKAPLGVRDGAG,0.73435867,0.675761,1
MALRAPGARGSSAAATCGALASRGGGSGQGPLPTGLPGDGGAGGLPSGSGTAVRRKELGAQRAGKSTAGDVGVGEEEAGAVGAFEGALLVVLASTPGQRTSVAPTHARVEVDGREPADECALSAFTDAGAGEVGPSSQGLRPQRTRSAAQSHASTTRGARRPLQAPPLPCGSRDTRDADVDSRLTLLRSFSSTRRLFGVGEEDLGSWSSVRCGGEADPTS,-1.8273668,0.13855226,0
MAEHGRIDSGSTIVFPTTGRSTDVAGRDSDLGDRGAAAPRDDGVVPRVHDTPERDAEHFTHHRLLREFRQDHHGSRALPGLLGADPGEDVAGLEPPEGEGVGGDGPDRPGPPTREARLTLTTTAAGLPTTGARLVTVPLHRQAARRDRQRATHPGLADVPRITVPLIGIADLDIRQDSRQDDLRLIQGTVRVGADDASAQDEGLGLGFAVGNNITVSQAISRLAADIPADLGHASFALTLLVSSHV,-1.9888332,0.12038036,0
MVRCGSTVDPVSSLSCGPEERPQNQTSFSQWRCDPQLSRPQGFETVFGTVERVAATGKRRPGVFPRRSTSSEQFTDSDLSLNGLGTLSRSDHPRAGGGVERKKARNRQTDDHVITVPKQKETAKAASPGPSEIKGHLIDRLRLTLHHDIGNETERASKTSSGLHPEIPNIRRDLFGTPKRHGQRIQDTERQDESLFHLRKSSHRGSNSLSVG,-0.8971836,0.2896296,0
GDRPVDDAAVSPAAGSHCVVALAPRGGARGHPGRLRVRGAARQLGAEGPTGAVVCGTLEEEGVAIHRLGETTIVENVRGATEQVSVPESLSLGLIRTVDVTLDTT,1.8091154,0.85925496,1
GDVRWGATVPLQRPTPLGSDTVAARIVASDVASRTPCGQRGAEIRVHRVDPVPRDGSFAGDSISGTVHHRHRDPTLAGAADGLAVRVAEARARRPDARRGLLARLSAGTPLSTSAVLPTPVGLPGGPDVPGTPSASGPWRRQASGTTTLEEIGGVGRSSLDGSVVITSFDAAGTGSWLCREG,0.6127814,0.648575,1
ESLRAVFPGDNNEILFLRATSVIVSKRVPPEVQLVGRREAAQTESGRANALSSDSRKAGAGGVGLAPSEVASYSAPVLPSGRAVKRRQPVSTRAVAKTRRPRLRPALGRRVKTPKQLREKIPNIGPLSGASKQGSASRSLIPSRSGDEKTLVNVIDSHARSRFPALVGHGDFNFHLQDLRFLAQSRNIGIFERKPSIAGEARDINFLLISSAG,-3.6500645,0.025331112,0
PDHIRRSLHGPNAGDKAVRIDEAGSERVGLVGGIFVNSNSVTRLIRINSLAGIDPVVLSTRVGEEKPTRIERGVRDTRIEISDFGRKSDPQTESIDSTHISFFSNKEVLDEERSFVRGGNPSEGGLPDVQIFSIDFEAEKDKAIFDFGRLSISTQRIVRRRSLVVAEGRIPRGPRGFVVALKGNFRNVA,-1.1208428,0.245855,0
MSTTGSSCFRKRGCSSRTSPSGSSLERVAFLGSASFSSSLGGNPESVGSDNLFFLTLTPNGLTVWR,-1.7753154,0.14488254,0
MPKTVTGPRVCSCIVFSFLENFFEFSCDDAKLTDVPDTTIGCPRSVRLGSVERRKAIERGLRVSVAVGVAEVDPVATRGLKSSSSQAGIGPIVEVGPPIKRIGISVGRL,-2.7132697,0.06219487,0
MLGRGGSEKEGGAVTREGKDLQELNADGGTGGKAEEGTGTQTPGADGRSSKSRSVSRCCPTQSGIPAAAESVNVGVPEEEADEDPATAHVARKHTFASTRKRGPRAGAVG,0.73280233,0.6754199,1
TLDVEISGTATFKLNGFIIGETNRDEVDQPKIVRVFGDSLIGGPVKLNAEPKTQSGDRDATFEGNRNVIISIGIPNNNADVSDSKFNTGTPFINARGGGGFIAERRGRRAAFDGGPNAFSSQADGRGFTRGIRAREAQKVRQFVATAAAGG,-0.27767676,0.43102348,0
ATTVSGRGPGVVRTVSSVSGRQRLVASRQRLVSFALETQGAGTAPGDGTAVTPFADLRAVVVLAVVSAVVAGDGQPPLLFTATAQVCFPAQAGEQHRASHQVGRPSSALDGAAGGVGPTFRAVGDSAAGREGAETFAGGRGSASHRLAHVSSPPSEPALLGGEVPPARPPHLPLHGGFPEAFLFLGHGRAISERAAPGTTATVGSH,1.2543156,0.778046,1
MGSVLSSLLREDEVTEEEEGSRQSEANFIGLLEGSDELAGAFPTLPTPWSRGFVRKDALGRPGGDHRPQVRAGTLKGPTCFTGGFQSPEEAEGDGAETVS,3.9595654,0.9812856,1
MLYDGDFFLGKFPNNFSLIDKESSIENQDRGETSFEPSTTTLITLTSLSFGEKKRESSLIEAGFVKNIPLNEEGDIFETKRINGSTLNKKEYIYQNENKVENFNSLNASQTKKG,0.9492055,0.7209554,1
MVRLQDVIVADQGSVLDQDPRIRIDNRRESLNGSSTSTPSLTDTLAQAQSTQITFTLEDGSDGNDVRDPPQVLAPVEVELPSESLELGGDSS,-2.1096601,0.10816144,0
SCTGRKCSSTRSQRHPRRGRLGKQFVRLGPARAIDERRRFGDGATDHVHPSGFSGDLANFARIVRDSEGGSPSCESRKQQENNIVLTGDVAECLAAATTGDNLCSSRVLPKQPLRELLSLAARACVVGLWEASTPRKGTPLACDE,1.0634902,0.74335694,1
